customer_id,order_id,total_spend,fulfillment_time_min,customer_satisfaction
CUST_12974,ORD_00000001,14.48,8.2,4
CUST_08235,ORD_00000002,9.52,5.4,4
CUST_00393,ORD_00000003,9.32,4.9,5
CUST_06936,ORD_00000004,9.55,3.5,4
CUST_09800,ORD_00000005,12.24,4.1,3
CUST_04338,ORD_00000006,21.13,5,4
CUST_11185,ORD_00000007,12.95,4.2,3
CUST_00361,ORD_00000008,26.33,5,5
CUST_13235,ORD_00000009,12.17,3.9,5
CUST_08695,ORD_00000010,11.11,4.3,5
CUST_12263,ORD_00000011,18.41,3.5,2
CUST_02382,ORD_00000012,14.45,2.9,4
CUST_08265,ORD_00000013,20.69,4,5
CUST_09696,ORD_00000014,14.1,4.4,4
CUST_11063,ORD_00000015,18.27,5.6,5
CUST_00499,ORD_00000016,14.28,6.3,5
CUST_09760,ORD_00000017,10.08,2,3
CUST_08320,ORD_00000018,9.06,3.5,5
CUST_08080,ORD_00000019,19.69,5.9,2
CUST_12070,ORD_00000020,6.71,5.7,2
CUST_14627,ORD_00000021,8.5,7.5,4
CUST_13852,ORD_00000022,15.14,5.4,5
CUST_09604,ORD_00000023,15.9,2.6,4
CUST_12817,ORD_00000024,10.39,4.1,3
CUST_13387,ORD_00000025,7.85,5.1,4
CUST_04636,ORD_00000026,10.99,6.6,3
CUST_13131,ORD_00000027,22.03,4.3,4
CUST_11459,ORD_00000028,6.47,2.5,1
CUST_09512,ORD_00000029,20.58,5.4,2
CUST_05261,ORD_00000030,19.02,6,4
CUST_11169,ORD_00000031,27.85,4.6,5
CUST_10588,ORD_00000032,28.89,4.3,2
CUST_00717,ORD_00000033,11.7,6.1,2
CUST_07102,ORD_00000034,22.14,3.5,4
CUST_01029,ORD_00000035,36.05,3.9,5
CUST_12251,ORD_00000036,18.26,4.6,4
CUST_12549,ORD_00000037,16.67,7.4,5
CUST_12559,ORD_00000038,17.8,8.6,4
CUST_01523,ORD_00000039,7.16,4.6,2
CUST_10875,ORD_00000040,10.69,6.5,4
CUST_05412,ORD_00000041,24.82,5,3
CUST_13876,ORD_00000042,9.27,4.9,4
CUST_14703,ORD_00000043,10.24,5.1,5
CUST_02235,ORD_00000044,21.07,4.7,3
CUST_06338,ORD_00000045,11.44,2.6,5
CUST_08216,ORD_00000046,21.08,7,5
CUST_06544,ORD_00000047,6.01,2.7,4
CUST_05527,ORD_00000048,10.12,3.4,3
CUST_04325,ORD_00000049,10.7,4.6,3
CUST_14464,ORD_00000050,19.88,2.5,4
CUST_11721,ORD_00000051,10.13,3,4
CUST_10771,ORD_00000052,5.31,4.1,5
CUST_01436,ORD_00000053,27.62,3.7,5
CUST_03356,ORD_00000054,12.79,3.2,3
CUST_00665,ORD_00000055,10.38,4.3,3
CUST_08663,ORD_00000056,6.29,5,5
CUST_00343,ORD_00000057,5.54,2.5,2
CUST_03532,ORD_00000058,17.04,3.8,4
CUST_06002,ORD_00000059,9.77,6,5
CUST_04711,ORD_00000060,13.48,4,5
CUST_01355,ORD_00000061,8.48,4.6,4
CUST_06582,ORD_00000062,9.53,5.1,3
CUST_02455,ORD_00000063,23.88,3.5,4
CUST_01848,ORD_00000064,20.51,3.8,4
CUST_07576,ORD_00000065,27.02,4.4,4
CUST_03948,ORD_00000066,16.15,2.9,1
CUST_08680,ORD_00000067,11.19,3.5,5
CUST_04863,ORD_00000068,30.42,4.9,4
CUST_10291,ORD_00000069,12.96,6.2,5
CUST_05292,ORD_00000070,23.51,7,3
CUST_03675,ORD_00000071,15.71,5.8,3
CUST_13429,ORD_00000072,14.62,1.4,4
CUST_01572,ORD_00000073,16.31,6.4,2
CUST_02780,ORD_00000074,11.28,3.2,4
CUST_13772,ORD_00000075,9.58,3.2,1
CUST_03879,ORD_00000076,15.66,6.5,4
CUST_01376,ORD_00000077,10.9,2.8,4
CUST_08185,ORD_00000078,17.35,4.3,5
CUST_13567,ORD_00000079,11.91,3.2,4
CUST_14173,ORD_00000080,14.96,5.2,4
CUST_02987,ORD_00000081,10.65,4.3,5
CUST_01988,ORD_00000082,12.26,3.4,5
CUST_09628,ORD_00000083,14.13,5.8,4
CUST_08186,ORD_00000084,14.4,5.3,4
CUST_12860,ORD_00000085,17.53,3.7,5
CUST_10609,ORD_00000086,7.91,5.1,3
CUST_05932,ORD_00000087,10.8,3.6,4
CUST_03354,ORD_00000088,18.87,4.4,3
CUST_05763,ORD_00000089,16.24,2.7,5
CUST_08870,ORD_00000090,7.7,7,5
CUST_09949,ORD_00000091,9.73,3.8,5
CUST_06335,ORD_00000092,17.03,6.9,5
CUST_11421,ORD_00000093,9.62,3.3,2
CUST_09590,ORD_00000094,18.98,4.3,5
CUST_10509,ORD_00000095,17.73,4.8,2
CUST_06940,ORD_00000096,17.93,1.8,3
CUST_02583,ORD_00000097,17.12,6.1,2
CUST_02252,ORD_00000098,13,4.8,1
CUST_11817,ORD_00000099,18.93,4.5,5
CUST_11875,ORD_00000100,9.19,5.1,4
CUST_05231,ORD_00000101,19.75,4.7,4
CUST_02588,ORD_00000102,11.6,9.8,5
CUST_06844,ORD_00000103,9.22,3.4,5
CUST_13216,ORD_00000104,13.63,6,5
CUST_04359,ORD_00000105,21.25,3.3,5
CUST_05715,ORD_00000106,14.21,1.5,5
CUST_10076,ORD_00000107,7.76,2,5
CUST_07345,ORD_00000108,18,3.9,2
CUST_14010,ORD_00000109,18.63,3.6,5
CUST_13635,ORD_00000110,10.95,5.3,5
CUST_12994,ORD_00000111,12.78,2.7,4
CUST_04033,ORD_00000112,16.05,3,5
CUST_10847,ORD_00000113,7.32,7.2,1
CUST_01776,ORD_00000114,6.01,6,1
CUST_07989,ORD_00000115,11.38,3,5
CUST_04421,ORD_00000116,16.27,5.4,4
CUST_05387,ORD_00000117,12.39,2.5,2
CUST_09271,ORD_00000118,15.94,5,5
CUST_11233,ORD_00000119,10.2,3.4,3
CUST_03546,ORD_00000120,14.4,5.7,4
CUST_06754,ORD_00000121,17.83,3.9,4
CUST_14782,ORD_00000122,5.44,4.6,3
CUST_08909,ORD_00000123,13.07,8.2,4
CUST_05357,ORD_00000124,14.58,8.2,2
CUST_03136,ORD_00000125,10.08,2.8,2
CUST_05887,ORD_00000126,13,3.8,3
CUST_11916,ORD_00000127,22.3,5.2,4
CUST_00165,ORD_00000128,11.69,2.7,4
CUST_07768,ORD_00000129,13.77,5.1,4
CUST_08086,ORD_00000130,13.1,6.6,5
CUST_07976,ORD_00000131,23.12,2.7,2
CUST_14459,ORD_00000132,12.95,5.7,4
CUST_13079,ORD_00000133,11.58,3.2,2
CUST_08714,ORD_00000134,16.48,3.9,5
CUST_09518,ORD_00000135,14.69,5,5
CUST_03141,ORD_00000136,16.15,1.3,1
CUST_00651,ORD_00000137,7.08,4.6,3
CUST_03855,ORD_00000138,18.66,4.3,4
CUST_11586,ORD_00000139,17.52,3.8,4
CUST_09038,ORD_00000140,6.59,4.4,5
CUST_07473,ORD_00000141,12.81,4.3,5
CUST_01196,ORD_00000142,15.46,4.6,2
CUST_05516,ORD_00000143,20.8,3.7,4
CUST_11285,ORD_00000144,23.65,5.9,4
CUST_03759,ORD_00000145,11.67,4.9,3
CUST_14466,ORD_00000146,21.78,2.8,4
CUST_11623,ORD_00000147,13.82,2.7,4
CUST_13370,ORD_00000148,20.25,3.4,4
CUST_14375,ORD_00000149,29.12,3.6,4
CUST_14601,ORD_00000150,24.16,3.5,2
CUST_02654,ORD_00000151,18.35,4,5
CUST_01566,ORD_00000152,12.1,3.4,4
CUST_01110,ORD_00000153,12.27,6.4,2
CUST_10395,ORD_00000154,18.15,4.4,3
CUST_03435,ORD_00000155,17.61,5.3,3
CUST_00711,ORD_00000156,15.93,5.7,1
CUST_01999,ORD_00000157,16.96,4.9,5
CUST_11157,ORD_00000158,14.97,6.5,4
CUST_11646,ORD_00000159,16.05,2.5,4
CUST_08047,ORD_00000160,15.43,6.7,4
CUST_08799,ORD_00000161,7.52,5.1,1
CUST_00637,ORD_00000162,21.6,1.6,4
CUST_13571,ORD_00000163,16.37,4.8,5
CUST_11098,ORD_00000164,10.03,2,4
CUST_12571,ORD_00000165,5.27,8.5,3
CUST_12570,ORD_00000166,11.55,6.8,3
CUST_14687,ORD_00000167,11.72,6.7,3
CUST_11253,ORD_00000168,26.22,4.9,3
CUST_12433,ORD_00000169,7.58,2.5,4
CUST_14365,ORD_00000170,11.12,5.1,1
CUST_11127,ORD_00000171,25.99,5.8,5
CUST_06596,ORD_00000172,15.53,3.1,3
CUST_11372,ORD_00000173,17.35,7,2
CUST_04926,ORD_00000174,11.77,3.4,2
CUST_08227,ORD_00000175,16.36,5.2,5
CUST_07596,ORD_00000176,21.54,4.1,4
CUST_13293,ORD_00000177,13.15,2.7,2
CUST_07247,ORD_00000178,10.68,6.2,5
CUST_00366,ORD_00000179,11.5,3.6,4
CUST_04016,ORD_00000180,14.2,5,2
CUST_09744,ORD_00000181,9.09,3.9,4
CUST_05802,ORD_00000182,9.45,5.7,3
CUST_11007,ORD_00000183,16.48,3.5,4
CUST_00455,ORD_00000184,8.15,5,5
CUST_11058,ORD_00000185,21.67,7.4,5
CUST_09184,ORD_00000186,14.55,5.7,4
CUST_09354,ORD_00000187,16.68,5.7,3
CUST_03435,ORD_00000188,23.77,6.3,4
CUST_08747,ORD_00000189,9.07,4.2,2
CUST_05691,ORD_00000190,20.35,2.8,5
CUST_02809,ORD_00000191,18.7,3.7,4
CUST_09600,ORD_00000192,17.73,1.6,5
CUST_05868,ORD_00000193,9.4,5.5,5
CUST_13015,ORD_00000194,13.49,5.2,4
CUST_06393,ORD_00000195,18.55,5.2,5
CUST_05762,ORD_00000196,12.66,4.3,2
CUST_00400,ORD_00000197,18.61,5.1,1
CUST_14000,ORD_00000198,20.68,4.7,2
CUST_11578,ORD_00000199,20.81,3.5,2
CUST_12731,ORD_00000200,20.15,7.1,3
CUST_02545,ORD_00000201,14.03,4.3,4
CUST_13082,ORD_00000202,12.83,5.8,4
CUST_07351,ORD_00000203,15.22,3.8,5
CUST_03746,ORD_00000204,8.68,2.2,5
CUST_14979,ORD_00000205,7.68,7.3,5
CUST_04558,ORD_00000206,13.79,3.3,3
CUST_00261,ORD_00000207,14.95,4.7,3
CUST_10428,ORD_00000208,8.11,3.7,5
CUST_13019,ORD_00000209,27.3,3.9,3
CUST_11984,ORD_00000210,16.93,4.9,4
CUST_00673,ORD_00000211,14.85,7.1,5
CUST_08552,ORD_00000212,19.43,2.8,4
CUST_07806,ORD_00000213,25.23,3.3,2
CUST_05921,ORD_00000214,16.48,7.8,2
CUST_14567,ORD_00000215,15.19,5.1,5
CUST_09938,ORD_00000216,9.53,3.3,1
CUST_02832,ORD_00000217,12.28,4.8,5
CUST_02949,ORD_00000218,11.64,5.7,2
CUST_14860,ORD_00000219,8.71,2.8,4
CUST_02742,ORD_00000220,22.48,4.7,5
CUST_00194,ORD_00000221,12.49,4.6,4
CUST_10644,ORD_00000222,8.61,6.9,5
CUST_12339,ORD_00000223,8.71,2.7,3
CUST_02097,ORD_00000224,3.62,6.1,4
CUST_10671,ORD_00000225,23.21,3.1,4
CUST_10853,ORD_00000226,16.11,3.2,5
CUST_12324,ORD_00000227,19.76,5.7,5
CUST_12055,ORD_00000228,17.08,4.1,3
CUST_00895,ORD_00000229,12.34,5.3,1
CUST_10701,ORD_00000230,12.29,4.7,5
CUST_07065,ORD_00000231,13.68,5.9,5
CUST_00045,ORD_00000232,10.59,5.4,5
CUST_07080,ORD_00000233,11.48,6.2,5
CUST_05609,ORD_00000234,17.63,3.4,3
CUST_07502,ORD_00000235,21.88,2.4,5
CUST_00324,ORD_00000236,11.64,2.9,5
CUST_09925,ORD_00000237,20.74,3,5
CUST_06647,ORD_00000238,17.86,4.8,5
CUST_14185,ORD_00000239,8.52,4.4,1
CUST_01628,ORD_00000240,23.41,4.5,5
CUST_05061,ORD_00000241,8.71,3.8,5
CUST_08254,ORD_00000242,12.6,4.5,4
CUST_12109,ORD_00000243,15.35,3.6,3
CUST_04491,ORD_00000244,19.91,5.3,5
CUST_03396,ORD_00000245,28.81,3.8,3
CUST_14698,ORD_00000246,9.57,5.8,4
CUST_10844,ORD_00000247,19.65,4.3,5
CUST_04357,ORD_00000248,18.62,2.7,4
CUST_09450,ORD_00000249,6.26,4.7,4
CUST_07375,ORD_00000250,21.64,3.8,5
CUST_00768,ORD_00000251,10.66,5,2
CUST_14426,ORD_00000252,15.14,4,4
CUST_09148,ORD_00000253,12.73,5.8,1
CUST_09077,ORD_00000254,13.79,5,4
CUST_12864,ORD_00000255,12.78,3.3,5
CUST_13109,ORD_00000256,18.14,3.4,4
CUST_14694,ORD_00000257,9.74,1.6,4
CUST_08162,ORD_00000258,13.98,7.1,1
CUST_07496,ORD_00000259,21.09,5.1,4
CUST_08220,ORD_00000260,9.8,3.2,5
CUST_10766,ORD_00000261,9.69,2.9,4
CUST_07602,ORD_00000262,11.6,6,4
CUST_12697,ORD_00000263,13.96,3.8,4
CUST_09698,ORD_00000264,7.71,8.9,5
CUST_09665,ORD_00000265,15.89,5.9,5
CUST_13324,ORD_00000266,14.44,4.6,4
CUST_03079,ORD_00000267,12.91,5,5
CUST_00680,ORD_00000268,15.29,4.4,5
CUST_01538,ORD_00000269,23.59,5.7,5
CUST_11990,ORD_00000270,14.83,6.8,1
CUST_14011,ORD_00000271,10.79,8.9,5
CUST_12338,ORD_00000272,21.04,3.2,5
CUST_10481,ORD_00000273,10.86,4.4,3
CUST_00395,ORD_00000274,12.92,9.7,3
CUST_12395,ORD_00000275,23.5,3.9,4
CUST_07796,ORD_00000276,15.03,5.7,2
CUST_05564,ORD_00000277,13.97,5.6,2
CUST_01131,ORD_00000278,18.13,6,4
CUST_08841,ORD_00000279,10,7.9,4
CUST_01145,ORD_00000280,13.18,5.7,5
CUST_09822,ORD_00000281,18.75,6.2,5
CUST_01468,ORD_00000282,8.87,4.7,4
CUST_01456,ORD_00000283,17.23,4.9,4
CUST_12268,ORD_00000284,15.32,6.1,5
CUST_10348,ORD_00000285,14.82,6.4,2
CUST_00770,ORD_00000286,6.17,8.6,4
CUST_03087,ORD_00000287,9.99,7.2,4
CUST_05606,ORD_00000288,9.61,8.4,3
CUST_01976,ORD_00000289,13.28,4.9,3
CUST_11662,ORD_00000290,10.26,4.4,5
CUST_05476,ORD_00000291,13.16,5.6,3
CUST_13396,ORD_00000292,16.46,7.2,3
CUST_05914,ORD_00000293,15.89,5.6,5
CUST_07336,ORD_00000294,12.7,4.3,4
CUST_14538,ORD_00000295,16.82,4.3,5
CUST_07941,ORD_00000296,8.36,4.5,2
CUST_01270,ORD_00000297,10.29,3.6,5
CUST_05102,ORD_00000298,9.82,3.8,2
CUST_05008,ORD_00000299,23.91,5.5,5
CUST_08942,ORD_00000300,16.07,5.5,4
CUST_08287,ORD_00000301,11.96,6.4,4
CUST_11142,ORD_00000302,9.57,7.1,4
CUST_08674,ORD_00000303,11.73,4.2,5
CUST_03453,ORD_00000304,20.31,2.5,4
CUST_08853,ORD_00000305,11.69,3.2,3
CUST_03948,ORD_00000306,12.81,5.5,3
CUST_09823,ORD_00000307,8.5,7.3,4
CUST_12226,ORD_00000308,14.53,3.6,3
CUST_14574,ORD_00000309,20.91,4.8,4
CUST_10185,ORD_00000310,12.47,7,4
CUST_10745,ORD_00000311,9.91,4.5,3
CUST_01117,ORD_00000312,11.94,6.2,5
CUST_01492,ORD_00000313,10.84,2.7,2
CUST_00510,ORD_00000314,14.94,5.8,2
CUST_10440,ORD_00000315,7.46,5.4,1
CUST_04005,ORD_00000316,20.29,6.4,4
CUST_01601,ORD_00000317,13.95,4.9,1
CUST_01724,ORD_00000318,13.65,9.1,5
CUST_04818,ORD_00000319,10.08,5.7,4
CUST_11777,ORD_00000320,15.12,2.3,5
CUST_08734,ORD_00000321,16.36,4.8,5
CUST_11913,ORD_00000322,12.04,8.5,3
CUST_06139,ORD_00000323,17.41,6.2,2
CUST_03063,ORD_00000324,14.21,5.8,2
CUST_05675,ORD_00000325,31.57,5.2,4
CUST_06569,ORD_00000326,11.43,2,4
CUST_09795,ORD_00000327,11.78,5.6,4
CUST_00669,ORD_00000328,10.9,6.6,5
CUST_00196,ORD_00000329,22.19,1.6,3
CUST_00044,ORD_00000330,5.84,3.4,2
CUST_07147,ORD_00000331,11.38,5.8,4
CUST_04819,ORD_00000332,13.07,3.5,5
CUST_07254,ORD_00000333,10.06,3,4
CUST_05915,ORD_00000334,17.64,5.3,3
CUST_09774,ORD_00000335,24.98,5.8,4
CUST_13140,ORD_00000336,10.67,6,5
CUST_14949,ORD_00000337,6.76,4.6,5
CUST_07338,ORD_00000338,8.8,7.5,2
CUST_01974,ORD_00000339,13.5,5.5,4
CUST_07615,ORD_00000340,8.99,3.5,5
CUST_12946,ORD_00000341,17.6,5.7,4
CUST_14489,ORD_00000342,11.49,5.2,4
CUST_10767,ORD_00000343,27.03,5,4
CUST_09104,ORD_00000344,14.48,5.6,4
CUST_03522,ORD_00000345,6.79,5.2,5
CUST_03977,ORD_00000346,14.3,6.5,3
CUST_02218,ORD_00000347,8.98,4,3
CUST_01269,ORD_00000348,14.79,8.3,3
CUST_13606,ORD_00000349,8.77,1.7,2
CUST_04427,ORD_00000350,10.13,3.1,3
CUST_14315,ORD_00000351,21.27,5.4,3
CUST_04364,ORD_00000352,11.11,6.9,2
CUST_01378,ORD_00000353,10.42,6,3
CUST_12539,ORD_00000354,16.79,6.4,4
CUST_02645,ORD_00000355,19.74,3.6,3
CUST_09612,ORD_00000356,17.97,2.4,4
CUST_14454,ORD_00000357,12.14,3.2,2
CUST_10665,ORD_00000358,17.4,6.2,4
CUST_07628,ORD_00000359,12.92,2.1,4
CUST_04913,ORD_00000360,14.08,3.8,3
CUST_01164,ORD_00000361,20.23,4.3,5
CUST_06771,ORD_00000362,10.96,2,5
CUST_09794,ORD_00000363,18.75,5.2,3
CUST_00148,ORD_00000364,23.84,2.9,1
CUST_14916,ORD_00000365,18.08,4.1,4
CUST_06408,ORD_00000366,10.34,4.5,5
CUST_09905,ORD_00000367,11.9,5.1,1
CUST_04560,ORD_00000368,15.52,4.4,3
CUST_01110,ORD_00000369,15.35,3.2,4
CUST_05303,ORD_00000370,15.4,5.4,4
CUST_05151,ORD_00000371,9.83,4.8,3
CUST_11795,ORD_00000372,21.28,4.3,4
CUST_09336,ORD_00000373,20.8,2.6,4
CUST_06715,ORD_00000374,10.53,6.3,3
CUST_00281,ORD_00000375,17.7,5.3,3
CUST_05093,ORD_00000376,10.23,7.6,3
CUST_05719,ORD_00000377,5.73,6.8,3
CUST_12514,ORD_00000378,6.67,1.5,5
CUST_07517,ORD_00000379,10.36,5.3,5
CUST_13399,ORD_00000380,15.77,2.1,4
CUST_13961,ORD_00000381,14.44,4.9,4
CUST_05370,ORD_00000382,11.91,5.7,5
CUST_13434,ORD_00000383,7.03,3.4,5
CUST_01346,ORD_00000384,18.71,5.5,3
CUST_03305,ORD_00000385,18.56,1.9,3
CUST_11846,ORD_00000386,23.11,4,5
CUST_01249,ORD_00000387,14.56,3.5,4
CUST_14633,ORD_00000388,21.23,4.1,4
CUST_00791,ORD_00000389,16.43,5.3,4
CUST_04093,ORD_00000390,15.65,2.8,4
CUST_07721,ORD_00000391,9.6,4.3,2
CUST_11849,ORD_00000392,19.76,2.9,4
CUST_05712,ORD_00000393,14.38,6.3,4
CUST_12641,ORD_00000394,8.97,2.7,3
CUST_08805,ORD_00000395,7.95,4.7,2
CUST_01145,ORD_00000396,11.75,3.3,2
CUST_02272,ORD_00000397,11.59,5.9,5
CUST_05009,ORD_00000398,4.23,6.4,4
CUST_10829,ORD_00000399,11.86,7.6,4
CUST_05361,ORD_00000400,19.06,5.7,5
CUST_07438,ORD_00000401,17.01,5.9,5
CUST_09696,ORD_00000402,13.89,2.9,2
CUST_10240,ORD_00000403,14.49,4.9,3
CUST_02366,ORD_00000404,11.98,3.4,3
CUST_08624,ORD_00000405,18.19,4.9,4
CUST_05680,ORD_00000406,6.46,5.2,4
CUST_12432,ORD_00000407,8.07,5.9,2
CUST_01257,ORD_00000408,12.88,2.9,5
CUST_01735,ORD_00000409,16.85,5.3,5
CUST_05736,ORD_00000410,18.23,4.2,5
CUST_12457,ORD_00000411,13.12,5,4
CUST_08538,ORD_00000412,8.88,7.1,5
CUST_14084,ORD_00000413,11.45,6.6,5
CUST_00232,ORD_00000414,6.62,4.3,1
CUST_06805,ORD_00000415,14.58,3.3,4
CUST_02381,ORD_00000416,11.98,2.1,5
CUST_07965,ORD_00000417,26.18,5.8,4
CUST_00958,ORD_00000418,25.86,1.9,5
CUST_11990,ORD_00000419,11.25,6,3
CUST_01813,ORD_00000420,10.34,6.6,5
CUST_00279,ORD_00000421,12.18,4.6,2
CUST_06836,ORD_00000422,13.53,2.7,3
CUST_00031,ORD_00000423,15.81,5.8,2
CUST_12328,ORD_00000424,16.94,2.9,3
CUST_03757,ORD_00000425,14.12,4.3,1
CUST_11252,ORD_00000426,12.25,6.1,5
CUST_01100,ORD_00000427,16.29,6.2,1
CUST_12487,ORD_00000428,28.18,6.6,4
CUST_04977,ORD_00000429,10.53,4.2,3
CUST_08051,ORD_00000430,12.94,5.6,4
CUST_10917,ORD_00000431,22.24,3.8,5
CUST_13607,ORD_00000432,14.71,3,4
CUST_07473,ORD_00000433,19.18,5,5
CUST_08201,ORD_00000434,20.92,6.2,3
CUST_01980,ORD_00000435,18.77,4.3,4
CUST_07217,ORD_00000436,13.01,3.6,5
CUST_10740,ORD_00000437,11.04,6.1,5
CUST_14023,ORD_00000438,15.79,5.1,3
CUST_14147,ORD_00000439,23.48,5.8,4
CUST_11585,ORD_00000440,12.27,6.6,4
CUST_09246,ORD_00000441,6.05,6.3,3
CUST_09490,ORD_00000442,7.86,3.5,5
CUST_00563,ORD_00000443,26.06,7.5,2
CUST_10386,ORD_00000444,19.59,3.5,5
CUST_07023,ORD_00000445,5.87,7.4,3
CUST_05925,ORD_00000446,13.25,2.9,4
CUST_13747,ORD_00000447,21.65,1.8,5
CUST_01244,ORD_00000448,27.83,3.8,4
CUST_03950,ORD_00000449,12.33,5.2,2
CUST_01549,ORD_00000450,15.69,4,3
CUST_14657,ORD_00000451,14.66,3.7,5
CUST_09968,ORD_00000452,21.28,7.8,5
CUST_03435,ORD_00000453,20.97,4.4,4
CUST_12342,ORD_00000454,19.38,4,3
CUST_06193,ORD_00000455,23.01,3.9,5
CUST_02870,ORD_00000456,17.65,5.5,5
CUST_00236,ORD_00000457,15.31,4.2,4
CUST_11939,ORD_00000458,25.19,4.2,4
CUST_10368,ORD_00000459,9.34,2.8,5
CUST_10612,ORD_00000460,10.6,6.3,3
CUST_00350,ORD_00000461,20.31,2.8,4
CUST_00140,ORD_00000462,10.11,5.4,4
CUST_01921,ORD_00000463,27.56,4.4,4
CUST_08083,ORD_00000464,17.49,3.7,4
CUST_00968,ORD_00000465,20.44,7.2,4
CUST_11135,ORD_00000466,14.55,4.3,4
CUST_07736,ORD_00000467,8.35,4.5,5
CUST_07810,ORD_00000468,17.23,5.2,3
CUST_11783,ORD_00000469,7.02,2.8,5
CUST_06870,ORD_00000470,8.81,3.9,4
CUST_13418,ORD_00000471,9.41,2,4
CUST_06889,ORD_00000472,8.96,3.4,4
CUST_03433,ORD_00000473,9.03,3.1,4
CUST_00846,ORD_00000474,11.47,5,3
CUST_09472,ORD_00000475,19.49,3.8,4
CUST_11837,ORD_00000476,15.42,2.1,1
CUST_04413,ORD_00000477,5.52,2.9,4
CUST_11719,ORD_00000478,5.6,6.2,3
CUST_14619,ORD_00000479,6.62,3.5,4
CUST_03038,ORD_00000480,9.87,6.9,2
CUST_01480,ORD_00000481,12.55,5.9,5
CUST_03039,ORD_00000482,22.17,6.1,4
CUST_02691,ORD_00000483,25.18,5.7,1
CUST_00459,ORD_00000484,12.84,5.1,3
CUST_07320,ORD_00000485,11.95,3.8,5
CUST_10720,ORD_00000486,11.98,4.3,3
CUST_06324,ORD_00000487,15.53,4.5,5
CUST_03456,ORD_00000488,11.87,8.1,4
CUST_14338,ORD_00000489,19.16,3.9,3
CUST_06458,ORD_00000490,12.85,2.7,3
CUST_12827,ORD_00000491,11.91,3.3,3
CUST_03647,ORD_00000492,24.01,2.9,4
CUST_02932,ORD_00000493,10.8,2.8,4
CUST_07434,ORD_00000494,8.81,6.7,4
CUST_08380,ORD_00000495,12.36,4.8,5
CUST_14599,ORD_00000496,24.44,3,4
CUST_14894,ORD_00000497,7.87,3.7,1
CUST_08941,ORD_00000498,21.95,5.3,4
CUST_04487,ORD_00000499,4.39,2.7,5
CUST_13112,ORD_00000500,15.93,6.6,1
CUST_00419,ORD_00000501,14.05,6.5,4
CUST_10766,ORD_00000502,14.06,2.2,4
CUST_02797,ORD_00000503,15.7,5.3,1
CUST_11002,ORD_00000504,18.84,4.1,5
CUST_14303,ORD_00000505,9.01,3.1,4
CUST_07819,ORD_00000506,25.2,4.1,5
CUST_12295,ORD_00000507,18.12,6,2
CUST_03775,ORD_00000508,16.38,5.4,4
CUST_03449,ORD_00000509,9.17,8.1,1
CUST_08565,ORD_00000510,17.8,4.8,2
CUST_05232,ORD_00000511,11.85,2.9,4
CUST_01932,ORD_00000512,15.25,5.2,4
CUST_03793,ORD_00000513,17.17,5.8,5
CUST_11270,ORD_00000514,8.34,5.8,4
CUST_06200,ORD_00000515,16.1,5.9,5
CUST_04315,ORD_00000516,9.1,3.9,3
CUST_12952,ORD_00000517,9.7,3.2,5
CUST_02241,ORD_00000518,12.96,6.5,5
CUST_09158,ORD_00000519,10.74,4.4,2
CUST_09069,ORD_00000520,14.34,3.4,5
CUST_00188,ORD_00000521,13.4,4.3,4
CUST_08552,ORD_00000522,11.87,4,5
CUST_01524,ORD_00000523,13.35,6.4,4
CUST_07366,ORD_00000524,11.8,4.5,3
CUST_05080,ORD_00000525,13.05,3.7,3
CUST_10868,ORD_00000526,10.24,4.8,5
CUST_08502,ORD_00000527,19.57,9.2,3
CUST_14589,ORD_00000528,19.11,3.8,4
CUST_13138,ORD_00000529,7.39,2.2,4
CUST_04051,ORD_00000530,13.14,2.5,4
CUST_14958,ORD_00000531,20.61,2.2,2
CUST_13764,ORD_00000532,17.57,3.9,5
CUST_09544,ORD_00000533,9.85,4.5,3
CUST_14347,ORD_00000534,19.08,6,5
CUST_09265,ORD_00000535,8.98,2.6,3
CUST_04440,ORD_00000536,13.69,6.1,3
CUST_12685,ORD_00000537,4.96,2.2,5
CUST_06736,ORD_00000538,10.71,4.3,3
CUST_12168,ORD_00000539,28.82,3.4,5
CUST_07872,ORD_00000540,18.32,3.6,4
CUST_13703,ORD_00000541,8.73,8.1,1
CUST_05286,ORD_00000542,13.27,3.3,4
CUST_01973,ORD_00000543,12.67,1.9,5
CUST_05738,ORD_00000544,9.98,5,3
CUST_02420,ORD_00000545,8.07,5.8,4
CUST_07194,ORD_00000546,28.42,4.8,5
CUST_11265,ORD_00000547,18.57,3.1,2
CUST_00568,ORD_00000548,4.55,3.6,3
CUST_05063,ORD_00000549,14.52,9.6,4
CUST_10705,ORD_00000550,7.05,4.8,5
CUST_13323,ORD_00000551,13.17,6.9,4
CUST_00909,ORD_00000552,9.25,3.2,1
CUST_02929,ORD_00000553,21.85,4.1,3
CUST_12213,ORD_00000554,18.1,3,3
CUST_05455,ORD_00000555,14.64,4.6,5
CUST_05848,ORD_00000556,12.89,1.1,5
CUST_08155,ORD_00000557,12.02,8.8,4
CUST_04740,ORD_00000558,16.1,3.6,5
CUST_05210,ORD_00000559,13.06,4.1,3
CUST_05667,ORD_00000560,14.38,4.1,4
CUST_04104,ORD_00000561,15.59,4.4,5
CUST_00326,ORD_00000562,16.78,4.4,3
CUST_06172,ORD_00000563,29.24,5,5
CUST_14794,ORD_00000564,21.17,2,4
CUST_11806,ORD_00000565,14.25,5.5,5
CUST_09074,ORD_00000566,8.4,3.4,5
CUST_12355,ORD_00000567,20.33,6.6,4
CUST_05402,ORD_00000568,13.84,5.7,2
CUST_05570,ORD_00000569,7.33,6.8,5
CUST_10512,ORD_00000570,6.17,2.1,3
CUST_01123,ORD_00000571,10.91,4.8,2
CUST_07341,ORD_00000572,16.61,1.5,5
CUST_12736,ORD_00000573,15.21,4.7,3
CUST_01227,ORD_00000574,13.05,2.9,5
CUST_11254,ORD_00000575,8.76,3.3,5
CUST_01582,ORD_00000576,21.81,4.6,5
CUST_10638,ORD_00000577,5.77,2,5
CUST_12598,ORD_00000578,4.63,2.9,4
CUST_06771,ORD_00000579,10.54,1.8,3
CUST_12221,ORD_00000580,9.21,2.6,1
CUST_10380,ORD_00000581,9.63,4.6,4
CUST_09659,ORD_00000582,20.1,4.1,5
CUST_07137,ORD_00000583,25.07,1.8,3
CUST_12117,ORD_00000584,11.69,4.3,5
CUST_02638,ORD_00000585,12.39,5.5,5
CUST_00439,ORD_00000586,17.43,3.1,5
CUST_12730,ORD_00000587,9.57,7.6,2
CUST_03555,ORD_00000588,16.45,3.3,4
CUST_10440,ORD_00000589,7.26,1.4,4
CUST_11673,ORD_00000590,11.6,4.6,3
CUST_06460,ORD_00000591,12.93,7.1,5
CUST_14197,ORD_00000592,12.9,9,4
CUST_05900,ORD_00000593,21.22,2.4,4
CUST_01748,ORD_00000594,8.63,2.6,3
CUST_03724,ORD_00000595,14.74,3.6,4
CUST_13293,ORD_00000596,13.47,2.6,4
CUST_06038,ORD_00000597,21.38,4.2,4
CUST_09663,ORD_00000598,10.11,5,5
CUST_11677,ORD_00000599,13.38,5.9,4
CUST_12480,ORD_00000600,19.48,6,5
CUST_04761,ORD_00000601,15.59,8.6,4
CUST_03763,ORD_00000602,10.21,4.4,4
CUST_06571,ORD_00000603,24.19,3.9,5
CUST_07615,ORD_00000604,14.51,4.3,4
CUST_01597,ORD_00000605,27.62,4.1,3
CUST_05574,ORD_00000606,24.1,3.6,4
CUST_10876,ORD_00000607,20.67,4.3,5
CUST_14055,ORD_00000608,12.31,5,4
CUST_10145,ORD_00000609,15.67,3.7,4
CUST_01048,ORD_00000610,16.59,7.2,5
CUST_07332,ORD_00000611,24.11,4.5,5
CUST_00788,ORD_00000612,13.26,5.4,3
CUST_01230,ORD_00000613,15.08,3.4,4
CUST_07887,ORD_00000614,19.96,3.8,5
CUST_01477,ORD_00000615,24.78,4.1,4
CUST_00827,ORD_00000616,14.37,2.9,2
CUST_12058,ORD_00000617,14.23,3,5
CUST_03670,ORD_00000618,8.72,3.6,5
CUST_06208,ORD_00000619,12.73,6,5
CUST_14101,ORD_00000620,14.45,2.8,5
CUST_10315,ORD_00000621,23.72,2.2,4
CUST_01936,ORD_00000622,6.57,5.4,4
CUST_13875,ORD_00000623,18.43,4.8,5
CUST_14314,ORD_00000624,15.34,3.8,3
CUST_10300,ORD_00000625,14.61,5.1,4
CUST_08468,ORD_00000626,7.83,5,4
CUST_01575,ORD_00000627,16.13,4.3,2
CUST_03476,ORD_00000628,13.05,6.1,1
CUST_13834,ORD_00000629,8.43,7.2,5
CUST_11476,ORD_00000630,11.35,2.5,4
CUST_05505,ORD_00000631,13.32,3.9,3
CUST_14248,ORD_00000632,11.14,2.3,5
CUST_05847,ORD_00000633,19.45,6.1,5
CUST_06717,ORD_00000634,19.38,3.8,3
CUST_02473,ORD_00000635,9.5,7.7,4
CUST_00805,ORD_00000636,11.14,5,5
CUST_05244,ORD_00000637,23.69,6.1,4
CUST_08185,ORD_00000638,8.69,3.2,4
CUST_06368,ORD_00000639,9.73,5.1,4
CUST_03255,ORD_00000640,12.88,3.6,5
CUST_05652,ORD_00000641,21.53,3.2,3
CUST_01890,ORD_00000642,27.94,2.7,4
CUST_09236,ORD_00000643,18.08,6,5
CUST_09374,ORD_00000644,18.15,4,5
CUST_03799,ORD_00000645,26.61,3.1,4
CUST_11141,ORD_00000646,10.11,4.5,4
CUST_04325,ORD_00000647,14.74,3.3,4
CUST_04112,ORD_00000648,11.55,7.2,4
CUST_06049,ORD_00000649,8.5,4.2,5
CUST_05442,ORD_00000650,8.67,6.5,5
CUST_00979,ORD_00000651,16.94,7.3,3
CUST_05285,ORD_00000652,16.32,5,2
CUST_01690,ORD_00000653,19.16,5.3,5
CUST_14366,ORD_00000654,19.69,3,1
CUST_08254,ORD_00000655,6.24,6.3,4
CUST_07712,ORD_00000656,12.17,3,4
CUST_00777,ORD_00000657,20.24,6.4,5
CUST_00447,ORD_00000658,14.33,3.2,5
CUST_10529,ORD_00000659,20.89,2,3
CUST_00446,ORD_00000660,11.38,4.1,2
CUST_05663,ORD_00000661,18.09,3.6,4
CUST_03331,ORD_00000662,11.8,4.9,5
CUST_11743,ORD_00000663,4.41,5.7,4
CUST_05396,ORD_00000664,18.95,3.8,4
CUST_08546,ORD_00000665,9.24,4.8,3
CUST_06697,ORD_00000666,11.86,7,4
CUST_13566,ORD_00000667,14.22,5.6,5
CUST_11880,ORD_00000668,13.45,4,5
CUST_06095,ORD_00000669,17.39,8,5
CUST_02026,ORD_00000670,20.66,5,5
CUST_09243,ORD_00000671,16.16,5.1,5
CUST_12407,ORD_00000672,9.89,6,3
CUST_13519,ORD_00000673,10.16,7.8,4
CUST_08661,ORD_00000674,14.68,4.2,4
CUST_01871,ORD_00000675,20.49,6.7,2
CUST_10996,ORD_00000676,8.16,4.9,3
CUST_10616,ORD_00000677,30.71,5.9,5
CUST_10498,ORD_00000678,12.95,4.6,1
CUST_09945,ORD_00000679,8.02,3.1,4
CUST_03691,ORD_00000680,7.79,3.3,2
CUST_12187,ORD_00000681,16.96,7.4,5
CUST_03015,ORD_00000682,7.08,6,5
CUST_11955,ORD_00000683,24.32,4.7,4
CUST_09014,ORD_00000684,12.73,5.7,2
CUST_06169,ORD_00000685,16.21,2.9,5
CUST_01896,ORD_00000686,15.07,5.4,1
CUST_04818,ORD_00000687,15.78,5.7,3
CUST_06309,ORD_00000688,9.71,7.3,2
CUST_07413,ORD_00000689,10.74,5.7,4
CUST_05064,ORD_00000690,13.87,3.2,5
CUST_03613,ORD_00000691,18.86,3.9,3
CUST_04343,ORD_00000692,15.65,4.2,3
CUST_03037,ORD_00000693,17.41,3.5,5
CUST_06048,ORD_00000694,12.68,4.7,5
CUST_09748,ORD_00000695,7.83,7.1,3
CUST_12058,ORD_00000696,6.4,4.7,4
CUST_04285,ORD_00000697,10.85,5.3,3
CUST_05788,ORD_00000698,15.12,3.3,2
CUST_14141,ORD_00000699,14.75,8.6,2
CUST_12661,ORD_00000700,16.21,3.6,2
CUST_14366,ORD_00000701,13.47,5.2,3
CUST_10879,ORD_00000702,9.7,2.7,4
CUST_02534,ORD_00000703,6.21,5.9,5
CUST_13001,ORD_00000704,13.17,3.7,4
CUST_09562,ORD_00000705,15.88,5.4,3
CUST_02573,ORD_00000706,14.48,2.9,4
CUST_05413,ORD_00000707,6.23,3.4,1
CUST_14778,ORD_00000708,10.12,4,2
CUST_09087,ORD_00000709,19.8,4.8,5
CUST_04581,ORD_00000710,5.87,2.6,5
CUST_13707,ORD_00000711,11.86,4.4,3
CUST_09231,ORD_00000712,7.1,3.5,4
CUST_06187,ORD_00000713,19.75,4.3,3
CUST_02861,ORD_00000714,22.44,3.9,5
CUST_11409,ORD_00000715,7.23,4.2,5
CUST_08674,ORD_00000716,19.01,5.4,5
CUST_01054,ORD_00000717,11.32,2.7,3
CUST_03514,ORD_00000718,16.13,5.3,2
CUST_07718,ORD_00000719,11.76,3.2,4
CUST_00429,ORD_00000720,22.69,4.4,1
CUST_04662,ORD_00000721,19.97,2.4,4
CUST_02757,ORD_00000722,15.61,3.8,5
CUST_11125,ORD_00000723,11,5,4
CUST_08017,ORD_00000724,10.3,3.6,3
CUST_08947,ORD_00000725,9.26,5.2,3
CUST_13695,ORD_00000726,18.47,4.3,1
CUST_08842,ORD_00000727,21.06,5.1,4
CUST_12936,ORD_00000728,19.07,5.8,5
CUST_01803,ORD_00000729,17.07,6.1,1
CUST_14527,ORD_00000730,12.2,6.7,5
CUST_13263,ORD_00000731,19.01,4.1,4
CUST_06212,ORD_00000732,23.48,4.6,4
CUST_04835,ORD_00000733,14.59,5.5,4
CUST_01206,ORD_00000734,12.63,4.4,4
CUST_05868,ORD_00000735,7.08,4.3,4
CUST_01793,ORD_00000736,6.48,3.5,4
CUST_06503,ORD_00000737,18.03,5.4,4
CUST_10884,ORD_00000738,15.94,7.9,4
CUST_10128,ORD_00000739,10.13,5.1,2
CUST_10231,ORD_00000740,15.29,4.4,4
CUST_07821,ORD_00000741,18.75,3.9,3
CUST_05108,ORD_00000742,16.32,2.5,4
CUST_14676,ORD_00000743,12.01,1,4
CUST_10726,ORD_00000744,17.62,3.1,2
CUST_06608,ORD_00000745,11.37,3.2,2
CUST_03494,ORD_00000746,16.16,6.5,2
CUST_07703,ORD_00000747,11.52,6.3,1
CUST_12056,ORD_00000748,13.14,3.4,5
CUST_01231,ORD_00000749,20.37,5.7,5
CUST_04153,ORD_00000750,18.33,3.9,5
CUST_03750,ORD_00000751,9.44,2.2,2
CUST_04288,ORD_00000752,23.88,6.8,5
CUST_06924,ORD_00000753,17.13,8,2
CUST_07097,ORD_00000754,10.21,1.8,4
CUST_11322,ORD_00000755,16.74,5.5,3
CUST_10367,ORD_00000756,17.98,2,4
CUST_12279,ORD_00000757,7.82,2.8,1
CUST_05288,ORD_00000758,7.37,4.4,3
CUST_13596,ORD_00000759,10.71,3.4,4
CUST_02560,ORD_00000760,16.15,2.9,5
CUST_13028,ORD_00000761,16.95,6.1,4
CUST_00293,ORD_00000762,15.4,5.3,1
CUST_02510,ORD_00000763,11.89,3.4,4
CUST_10406,ORD_00000764,22.74,5.9,5
CUST_14724,ORD_00000765,4.43,3,5
CUST_12054,ORD_00000766,17.05,5.8,4
CUST_05444,ORD_00000767,22.51,2.7,5
CUST_02245,ORD_00000768,26.71,6.1,5
CUST_11458,ORD_00000769,14.12,3.7,4
CUST_05170,ORD_00000770,8.15,2.3,3
CUST_04140,ORD_00000771,20.67,5.3,4
CUST_02351,ORD_00000772,16.97,2.5,5
CUST_13218,ORD_00000773,18.02,3.3,4
CUST_06478,ORD_00000774,9.01,3.9,3
CUST_06919,ORD_00000775,9.53,2.9,2
CUST_01207,ORD_00000776,8.63,6.2,5
CUST_06636,ORD_00000777,10.71,3.1,5
CUST_13481,ORD_00000778,24.45,5.2,3
CUST_00971,ORD_00000779,7.44,9.4,2
CUST_05788,ORD_00000780,8.68,4.4,5
CUST_09075,ORD_00000781,13.34,2.1,2
CUST_13803,ORD_00000782,14.21,7,3
CUST_14548,ORD_00000783,12.72,3.2,4
CUST_02770,ORD_00000784,5.31,3.8,1
CUST_05834,ORD_00000785,20.57,7.5,2
CUST_00450,ORD_00000786,8.79,5.4,1
CUST_14921,ORD_00000787,11.51,2.7,4
CUST_06081,ORD_00000788,16.52,4.5,1
CUST_06734,ORD_00000789,10.05,4.2,5
CUST_09390,ORD_00000790,9.48,4.9,4
CUST_08030,ORD_00000791,16.47,5.6,4
CUST_12681,ORD_00000792,18.4,2,4
CUST_04699,ORD_00000793,10.7,5.7,5
CUST_04892,ORD_00000794,23.75,4.3,5
CUST_13673,ORD_00000795,10.67,7.9,5
CUST_01961,ORD_00000796,14.1,4,4
CUST_13879,ORD_00000797,22.54,4.5,4
CUST_08841,ORD_00000798,6.5,1.9,4
CUST_11421,ORD_00000799,19.49,2.8,1
CUST_10418,ORD_00000800,11.79,4.2,4
CUST_00158,ORD_00000801,9.49,3,4
CUST_00581,ORD_00000802,16.05,3,5
CUST_08829,ORD_00000803,14.85,4.8,3
CUST_08506,ORD_00000804,9.86,4.6,5
CUST_07569,ORD_00000805,21.66,2.9,4
CUST_09519,ORD_00000806,13.76,3.6,2
CUST_09871,ORD_00000807,8.85,3.9,5
CUST_11162,ORD_00000808,7.18,6.1,3
CUST_07196,ORD_00000809,11.64,4.2,4
CUST_14038,ORD_00000810,13.68,5.5,4
CUST_11479,ORD_00000811,16.29,3.3,4
CUST_04556,ORD_00000812,5.1,3.3,5
CUST_01377,ORD_00000813,13.39,1.8,5
CUST_10367,ORD_00000814,16.32,2.8,4
CUST_12258,ORD_00000815,19.51,5.8,5
CUST_09412,ORD_00000816,21.46,5.2,2
CUST_02535,ORD_00000817,13.28,4.3,4
CUST_07839,ORD_00000818,11.62,1,4
CUST_00742,ORD_00000819,26.15,7.1,4
CUST_07314,ORD_00000820,9.59,7.6,4
CUST_09854,ORD_00000821,15.83,3.1,4
CUST_07131,ORD_00000822,8.66,6.6,5
CUST_00429,ORD_00000823,10.6,5.4,5
CUST_10840,ORD_00000824,13.2,4.7,4
CUST_00908,ORD_00000825,12.62,4.3,5
CUST_00587,ORD_00000826,13.81,3.1,3
CUST_03547,ORD_00000827,12.84,3.7,5
CUST_13656,ORD_00000828,7.33,5.7,2
CUST_00433,ORD_00000829,11.41,1.4,5
CUST_10241,ORD_00000830,12.03,5.3,4
CUST_09099,ORD_00000831,14.42,4.9,5
CUST_06942,ORD_00000832,17.64,3.3,5
CUST_10510,ORD_00000833,13.88,4.5,1
CUST_13616,ORD_00000834,14.33,3.2,3
CUST_06883,ORD_00000835,21.06,9.1,3
CUST_07713,ORD_00000836,21.26,3.7,4
CUST_10239,ORD_00000837,15.1,5.3,2
CUST_13514,ORD_00000838,15.5,6.9,5
CUST_02877,ORD_00000839,9.62,6.3,4
CUST_10047,ORD_00000840,9.22,4.5,1
CUST_09066,ORD_00000841,17.15,2.9,2
CUST_00451,ORD_00000842,7.15,6,4
CUST_11141,ORD_00000843,4.97,7.2,4
CUST_05854,ORD_00000844,11.78,5.5,3
CUST_07854,ORD_00000845,16.9,3,5
CUST_11204,ORD_00000846,19.44,3.5,1
CUST_06956,ORD_00000847,25.03,4.2,5
CUST_07633,ORD_00000848,17.88,4.6,3
CUST_13634,ORD_00000849,13.29,2.9,4
CUST_12919,ORD_00000850,13.56,4.4,5
CUST_13016,ORD_00000851,8.36,4.7,2
CUST_00331,ORD_00000852,16.27,4.6,4
CUST_04072,ORD_00000853,20.24,5.7,3
CUST_00491,ORD_00000854,13.47,5.2,2
CUST_06052,ORD_00000855,24.78,4.7,5
CUST_11356,ORD_00000856,12.53,8,1
CUST_01699,ORD_00000857,14.49,2.2,3
CUST_10797,ORD_00000858,15.46,3.8,4
CUST_10103,ORD_00000859,10.43,5.1,1
CUST_04423,ORD_00000860,13.9,3.4,2
CUST_05594,ORD_00000861,11.09,5.5,4
CUST_04962,ORD_00000862,19.84,6.2,4
CUST_06660,ORD_00000863,16.02,3.3,4
CUST_07942,ORD_00000864,13.95,4.2,3
CUST_05734,ORD_00000865,8.63,3.2,4
CUST_12226,ORD_00000866,7.17,2.3,3
CUST_02611,ORD_00000867,11.22,4.2,1
CUST_00346,ORD_00000868,21.07,4.2,1
CUST_06250,ORD_00000869,20.5,3.6,3
CUST_02252,ORD_00000870,8.47,4.9,1
CUST_05678,ORD_00000871,13.32,4.8,4
CUST_04130,ORD_00000872,12,6.4,4
CUST_04831,ORD_00000873,8.53,1.9,4
CUST_08764,ORD_00000874,14.09,4.8,3
CUST_06414,ORD_00000875,6.94,2.4,3
CUST_07085,ORD_00000876,24.43,4.6,4
CUST_09071,ORD_00000877,23.8,5.4,4
CUST_07102,ORD_00000878,15.01,3.3,3
CUST_00175,ORD_00000879,9.57,5.4,4
CUST_03639,ORD_00000880,9.28,4.8,4
CUST_11256,ORD_00000881,15.67,5.8,4
CUST_14100,ORD_00000882,15.91,4.8,2
CUST_14086,ORD_00000883,8.62,7.6,5
CUST_11759,ORD_00000884,12.86,5.5,5
CUST_01731,ORD_00000885,16.71,3.2,3
CUST_08876,ORD_00000886,16.29,6.4,3
CUST_08413,ORD_00000887,23.11,2.5,3
CUST_06345,ORD_00000888,16.6,3.4,5
CUST_14932,ORD_00000889,6.45,3,5
CUST_00074,ORD_00000890,15.04,3.6,5
CUST_12394,ORD_00000891,11.26,5,1
CUST_08135,ORD_00000892,24.21,5.4,4
CUST_00835,ORD_00000893,10.02,4.6,1
CUST_09453,ORD_00000894,18.53,2.7,5
CUST_14699,ORD_00000895,12.06,7.4,4
CUST_12695,ORD_00000896,15.05,1.7,4
CUST_02684,ORD_00000897,17.5,2.7,4
CUST_05399,ORD_00000898,15.63,5.9,5
CUST_02001,ORD_00000899,14.42,1.5,2
CUST_01517,ORD_00000900,24.18,5.4,4
CUST_01110,ORD_00000901,7.29,6.4,4
CUST_09204,ORD_00000902,12.7,3.6,3
CUST_11050,ORD_00000903,13.96,4.9,4
CUST_13590,ORD_00000904,7.79,1.8,2
CUST_09298,ORD_00000905,12.9,3.2,5
CUST_03195,ORD_00000906,16.41,6.8,3
CUST_12463,ORD_00000907,10.46,5.5,2
CUST_08751,ORD_00000908,9.34,8.3,4
CUST_00129,ORD_00000909,28.39,4,4
CUST_00067,ORD_00000910,13.78,7,3
CUST_07136,ORD_00000911,10.71,6.9,3
CUST_05153,ORD_00000912,16.41,3.3,4
CUST_03171,ORD_00000913,7.81,6.7,5
CUST_13061,ORD_00000914,16.95,5.5,2
CUST_00053,ORD_00000915,14.15,5.4,4
CUST_08282,ORD_00000916,11.85,4.9,3
CUST_13985,ORD_00000917,13.33,3.2,1
CUST_08918,ORD_00000918,19,4.1,5
CUST_01653,ORD_00000919,16.89,4.3,1
CUST_04332,ORD_00000920,15.72,5.7,4
CUST_00730,ORD_00000921,23.24,2,4
CUST_06180,ORD_00000922,10.36,5.8,2
CUST_11268,ORD_00000923,7,8.7,4
CUST_10411,ORD_00000924,21.7,5.7,5
CUST_12714,ORD_00000925,12.58,3.4,5
CUST_04708,ORD_00000926,14.94,5.1,4
CUST_13412,ORD_00000927,10.28,4.1,3
CUST_11840,ORD_00000928,9.14,5.1,5
CUST_07825,ORD_00000929,24.43,4.7,5
CUST_05441,ORD_00000930,18.49,4,4
CUST_10341,ORD_00000931,16.93,6.6,5
CUST_09381,ORD_00000932,23.37,4.4,3
CUST_12674,ORD_00000933,20.95,5.4,5
CUST_02212,ORD_00000934,24.52,2.4,4
CUST_12119,ORD_00000935,22.4,2.6,4
CUST_09168,ORD_00000936,22.99,4.5,4
CUST_05991,ORD_00000937,11.37,5.6,3
CUST_09593,ORD_00000938,14.68,5.1,4
CUST_09714,ORD_00000939,22.2,5.9,2
CUST_02135,ORD_00000940,16.86,5.2,5
CUST_05158,ORD_00000941,13.91,2.6,5
CUST_00926,ORD_00000942,12.76,5.7,5
CUST_00752,ORD_00000943,17.83,5.5,5
CUST_00016,ORD_00000944,22.9,5,4
CUST_05081,ORD_00000945,7.94,6.7,4
CUST_13884,ORD_00000946,5.89,2.9,5
CUST_06128,ORD_00000947,7.93,6,4
CUST_14750,ORD_00000948,8.73,5.7,1
CUST_02682,ORD_00000949,10.29,6.3,1
CUST_04486,ORD_00000950,17.8,3.3,4
CUST_03724,ORD_00000951,8.85,2.4,4
CUST_11358,ORD_00000952,8.76,3,2
CUST_11787,ORD_00000953,9.51,3.2,5
CUST_06719,ORD_00000954,10.22,6.6,3
CUST_10054,ORD_00000955,13.73,5.2,2
CUST_08290,ORD_00000956,6.86,4.2,4
CUST_05960,ORD_00000957,16.39,3.7,3
CUST_14619,ORD_00000958,26.51,7,5
CUST_11335,ORD_00000959,5.34,6.6,2
CUST_04792,ORD_00000960,24.93,3.7,4
CUST_11932,ORD_00000961,24.46,4.6,4
CUST_01290,ORD_00000962,12.66,3.5,4
CUST_06061,ORD_00000963,19.21,2.4,5
CUST_06631,ORD_00000964,5.46,3.5,3
CUST_09935,ORD_00000965,17.1,5.3,5
CUST_08172,ORD_00000966,14.35,4.1,3
CUST_09269,ORD_00000967,12.64,6.2,5
CUST_08306,ORD_00000968,16.39,3.9,5
CUST_13161,ORD_00000969,14.41,5.6,3
CUST_13618,ORD_00000970,10.43,4.2,3
CUST_09407,ORD_00000971,7.15,1.8,3
CUST_10097,ORD_00000972,19.28,6,2
CUST_02811,ORD_00000973,18.01,1,5
CUST_00925,ORD_00000974,22.15,4.1,5
CUST_01566,ORD_00000975,14.04,5.6,2
CUST_10383,ORD_00000976,8,4.3,5
CUST_02933,ORD_00000977,16.34,1.5,5
CUST_12447,ORD_00000978,12.57,3.3,4
CUST_04912,ORD_00000979,12.66,3.4,4
CUST_09416,ORD_00000980,13.57,2.8,4
CUST_11741,ORD_00000981,16.03,4.6,5
CUST_00091,ORD_00000982,13.06,2.3,4
CUST_03138,ORD_00000983,6.83,3.2,2
CUST_06116,ORD_00000984,16.74,3.5,4
CUST_11796,ORD_00000985,11.76,3.6,3
CUST_11377,ORD_00000986,28.31,5.5,4
CUST_07809,ORD_00000987,16.78,4.8,4
CUST_02489,ORD_00000988,13.4,1.9,3
CUST_14153,ORD_00000989,14.16,5.2,5
CUST_05276,ORD_00000990,11.21,6.4,4
CUST_02441,ORD_00000991,23.03,3.3,2
CUST_06523,ORD_00000992,19.62,5.1,4
CUST_13761,ORD_00000993,12.14,2.9,4
CUST_07261,ORD_00000994,17.91,5,3
CUST_02451,ORD_00000995,19.11,3.1,3
CUST_08834,ORD_00000996,8.22,3.7,5
CUST_11249,ORD_00000997,11.12,4.6,3
CUST_09337,ORD_00000998,14.18,3.4,4
CUST_06303,ORD_00000999,10.97,5.4,5
CUST_04539,ORD_00001000,7.69,5.3,4
