"order_id";"order_date";"order_time";"day_of_week";"id"
"ORD_00000001";"2024-03-25";"08:47";"Mon";4
"ORD_00000002";"2025-07-18";"08:02";"Fri";7
"ORD_00000003";"2025-01-15";"05:40";"Wed";45
"ORD_00000004";"2024-07-30";"15:10";"Tue";51
"ORD_00000005";"2024-06-18";"07:38";"Tue";64
"ORD_00000006";"2025-08-30";"11:41";"Sat";113
"ORD_00000007";"2025-10-05";"06:55";"Sun";114
"ORD_00000008";"2025-12-17";"19:08";"Wed";115
"ORD_00000009";"2024-02-03";"06:44";"Sat";149
"ORD_00000010";"2025-05-12";"12:28";"Mon";150
"ORD_00000011";"2024-08-30";"14:20";"Fri";162
"ORD_00000012";"2024-10-08";"17:27";"Tue";163
"ORD_00000013";"2025-03-04";"14:43";"Tue";164
"ORD_00000014";"2025-09-27";"06:27";"Sat";172
"ORD_00000015";"2025-07-21";"16:32";"Mon";196
"ORD_00000016";"2024-10-24";"08:45";"Thu";198
"ORD_00000017";"2024-08-03";"13:51";"Sat";211
"ORD_00000018";"2024-12-03";"11:49";"Tue";212
"ORD_00000019";"2025-12-26";"09:56";"Fri";213
"ORD_00000020";"2024-02-09";"13:39";"Fri";214
"ORD_00000021";"2025-12-05";"17:36";"Fri";230
"ORD_00000022";"2024-12-15";"07:36";"Sun";447
"ORD_00000023";"2025-03-17";"07:28";"Mon";449
"ORD_00000024";"2025-05-09";"11:43";"Fri";450
"ORD_00000025";"2025-05-23";"07:06";"Fri";451
"ORD_00000026";"2024-12-30";"16:22";"Mon";452
"ORD_00000027";"2024-08-07";"12:42";"Wed";453
"ORD_00000028";"2025-09-19";"12:35";"Fri";454
"ORD_00000029";"2024-07-24";"15:18";"Wed";455
"ORD_00000030";"2024-08-25";"13:37";"Sun";486
"ORD_00000031";"2025-06-20";"14:02";"Fri";487
"ORD_00000032";"2025-07-19";"09:50";"Sat";488
"ORD_00000033";"2025-12-03";"13:12";"Wed";500
"ORD_00000034";"2025-11-16";"18:42";"Sun";385
"ORD_00000035";"2025-06-16";"08:28";"Mon";502
"ORD_00000036";"2025-07-10";"07:00";"Thu";503
"ORD_00000037";"2025-02-26";"07:52";"Wed";504
"ORD_00000038";"2025-02-20";"13:27";"Thu";505
"ORD_00000039";"2024-10-06";"17:19";"Sun";506
"ORD_00000040";"2024-08-10";"10:39";"Sat";507
"ORD_00000041";"2024-10-12";"07:39";"Sat";508
"ORD_00000042";"2025-02-01";"08:37";"Sat";509
"ORD_00000043";"2024-05-29";"17:36";"Wed";511
"ORD_00000044";"2024-08-19";"07:03";"Mon";559
"ORD_00000045";"2024-11-04";"10:58";"Mon";563
"ORD_00000046";"2025-01-29";"09:37";"Wed";567
"ORD_00000047";"2025-04-16";"21:52";"Wed";568
"ORD_00000048";"2025-05-05";"10:47";"Mon";569
"ORD_00000049";"2025-01-11";"07:02";"Sat";581
"ORD_00000050";"2024-03-30";"06:09";"Sat";605
"ORD_00000051";"2025-10-08";"08:05";"Wed";607
"ORD_00000052";"2024-08-17";"13:15";"Sat";609
"ORD_00000053";"2025-12-27";"07:11";"Sat";610
"ORD_00000054";"2024-10-12";"15:03";"Sat";611
"ORD_00000055";"2025-05-17";"13:04";"Sat";632
"ORD_00000056";"2024-10-29";"14:53";"Tue";633
"ORD_00000057";"2025-09-23";"15:22";"Tue";635
"ORD_00000058";"2024-01-07";"07:19";"Sun";637
"ORD_00000059";"2024-06-05";"02:48";"Wed";640
"ORD_00000060";"2025-04-02";"11:18";"Wed";642
"ORD_00000061";"2025-02-27";"16:11";"Thu";643
"ORD_00000062";"2025-03-04";"09:01";"Tue";644
"ORD_00000063";"2025-02-18";"06:15";"Tue";645
"ORD_00000064";"2025-12-02";"18:54";"Tue";646
"ORD_00000065";"2025-06-19";"07:44";"Thu";671
"ORD_00000066";"2025-12-13";"16:48";"Sat";473
"ORD_00000067";"2025-03-04";"20:55";"Tue";718
"ORD_00000068";"2024-05-31";"12:02";"Fri";719
"ORD_00000069";"2024-02-05";"12:09";"Mon";720
"ORD_00000070";"2024-02-21";"16:06";"Wed";721
"ORD_00000071";"2025-01-12";"09:45";"Sun";722
"ORD_00000072";"2024-08-26";"16:16";"Mon";723
"ORD_00000073";"2024-03-03";"15:28";"Sun";724
"ORD_00000074";"2025-10-04";"07:13";"Sat";725
"ORD_00000075";"2025-09-11";"06:24";"Thu";726
"ORD_00000076";"2024-03-11";"05:44";"Mon";727
"ORD_00000077";"2025-10-28";"07:45";"Tue";731
"ORD_00000078";"2024-02-14";"08:19";"Wed";531
"ORD_00000079";"2025-01-12";"07:53";"Sun";735
"ORD_00000080";"2025-04-25";"07:00";"Fri";737
"ORD_00000081";"2024-05-11";"07:01";"Sat";743
"ORD_00000082";"2024-01-28";"04:07";"Sun";744
"ORD_00000083";"2025-07-23";"12:52";"Wed";747
"ORD_00000084";"2025-11-15";"04:59";"Sat";749
"ORD_00000085";"2025-01-29";"11:44";"Wed";751
"ORD_00000086";"2024-01-29";"10:27";"Mon";753
"ORD_00000087";"2024-06-20";"06:37";"Thu";755
"ORD_00000088";"2025-11-09";"15:36";"Sun";784
"ORD_00000089";"2024-09-29";"11:47";"Sun";787
"ORD_00000090";"2024-09-25";"11:31";"Wed";789
"ORD_00000091";"2025-11-25";"19:42";"Tue";792
"ORD_00000092";"2024-05-28";"06:22";"Tue";794
"ORD_00000093";"2025-01-25";"13:09";"Sat";119
"ORD_00000094";"2025-10-04";"14:13";"Sat";798
"ORD_00000095";"2025-05-03";"15:50";"Sat";801
"ORD_00000096";"2025-07-16";"14:49";"Wed";829
"ORD_00000097";"2025-01-12";"07:47";"Sun";831
"ORD_00000098";"2024-12-09";"11:27";"Mon";349
"ORD_00000099";"2024-02-26";"16:41";"Mon";870
"ORD_00000100";"2024-03-16";"11:13";"Sat";872
"ORD_00000101";"2025-12-07";"15:04";"Sun";874
"ORD_00000102";"2025-01-24";"15:12";"Fri";876
"ORD_00000103";"2025-02-20";"07:06";"Thu";878
"ORD_00000104";"2024-10-05";"10:48";"Sat";880
"ORD_00000105";"2024-05-29";"06:19";"Wed";882
"ORD_00000106";"2024-04-19";"18:00";"Fri";883
"ORD_00000107";"2024-06-08";"14:13";"Sat";884
"ORD_00000108";"2025-10-11";"08:32";"Sat";885
"ORD_00000109";"2025-02-25";"06:05";"Tue";886
"ORD_00000110";"2024-01-04";"10:10";"Thu";932
"ORD_00000111";"2025-08-06";"07:15";"Wed";936
"ORD_00000112";"2025-10-01";"10:03";"Wed";938
"ORD_00000113";"2025-06-22";"08:36";"Sun";947
"ORD_00000114";"2024-03-28";"08:48";"Thu";949
"ORD_00000115";"2024-12-11";"05:38";"Wed";951
"ORD_00000116";"2024-01-13";"11:23";"Sat";952
"ORD_00000117";"2025-03-25";"09:07";"Tue";953
"ORD_00000118";"2024-07-01";"16:37";"Mon";954
"ORD_00000119";"2024-10-03";"13:38";"Thu";956
"ORD_00000120";"2025-08-14";"15:57";"Thu";958
"ORD_00000121";"2025-12-28";"17:52";"Sun";965
"ORD_00000122";"2025-06-09";"11:32";"Mon";967
"ORD_00000123";"2025-09-06";"07:51";"Sat";968
"ORD_00000124";"2025-12-11";"10:17";"Thu";969
"ORD_00000125";"2024-04-07";"14:57";"Sun";970
"ORD_00000126";"2024-10-23";"07:15";"Wed";971
"ORD_00000127";"2025-02-08";"15:16";"Sat";973
"ORD_00000128";"2024-09-16";"20:56";"Mon";975
"ORD_00000129";"2024-07-21";"13:46";"Sun";976
"ORD_00000130";"2025-04-26";"15:58";"Sat";1012
"ORD_00000131";"2024-10-26";"14:11";"Sat";1014
"ORD_00000132";"2025-09-04";"15:52";"Thu";1019
"ORD_00000133";"2024-12-20";"08:27";"Fri";1020
"ORD_00000134";"2025-03-20";"11:54";"Thu";1021
"ORD_00000135";"2025-07-18";"12:06";"Fri";1022
"ORD_00000136";"2025-10-28";"17:35";"Tue";1023
"ORD_00000137";"2025-04-12";"09:58";"Sat";1024
"ORD_00000138";"2024-07-10";"14:37";"Wed";1025
"ORD_00000139";"2025-11-02";"16:54";"Sun";1026
"ORD_00000140";"2025-09-16";"08:36";"Tue";1027
"ORD_00000141";"2024-03-13";"10:49";"Wed";980
"ORD_00000142";"2024-10-11";"08:22";"Fri";1029
"ORD_00000143";"2024-12-01";"07:02";"Sun";1030
"ORD_00000144";"2024-01-27";"19:06";"Sat";1031
"ORD_00000145";"2024-12-09";"02:54";"Mon";1033
"ORD_00000146";"2025-12-19";"08:26";"Fri";1034
"ORD_00000147";"2025-07-12";"07:40";"Sat";1035
"ORD_00000148";"2024-11-10";"08:55";"Sun";1037
"ORD_00000149";"2024-11-20";"18:28";"Wed";1038
"ORD_00000150";"2024-09-01";"13:13";"Sun";1040
"ORD_00000151";"2025-08-18";"15:21";"Mon";1041
"ORD_00000152";"2025-01-16";"10:35";"Thu";623
"ORD_00000153";"2024-03-30";"08:34";"Sat";423
"ORD_00000154";"2024-07-07";"16:12";"Sun";1132
"ORD_00000155";"2025-11-11";"07:19";"Tue";102
"ORD_00000156";"2025-02-08";"16:18";"Sat";2
"ORD_00000157";"2024-11-06";"15:36";"Wed";5
"ORD_00000158";"2025-12-10";"09:48";"Wed";13
"ORD_00000159";"2025-07-21";"16:37";"Mon";15
"ORD_00000160";"2024-08-10";"09:04";"Sat";16
"ORD_00000161";"2025-10-13";"13:41";"Mon";20
"ORD_00000162";"2025-05-28";"09:47";"Wed";21
"ORD_00000163";"2024-02-01";"12:43";"Thu";22
"ORD_00000164";"2025-05-11";"06:56";"Sun";36
"ORD_00000165";"2024-02-03";"10:08";"Sat";37
"ORD_00000166";"2024-09-14";"14:20";"Sat";39
"ORD_00000167";"2024-03-17";"15:40";"Sun";40
"ORD_00000168";"2024-08-12";"09:21";"Mon";42
"ORD_00000169";"2025-04-24";"14:29";"Thu";44
"ORD_00000170";"2024-04-18";"07:51";"Thu";47
"ORD_00000171";"2024-11-13";"16:39";"Wed";48
"ORD_00000172";"2024-01-16";"11:44";"Tue";49
"ORD_00000173";"2024-09-20";"06:26";"Fri";50
"ORD_00000174";"2025-07-15";"15:36";"Tue";52
"ORD_00000175";"2025-04-19";"08:20";"Sat";53
"ORD_00000176";"2025-06-26";"14:49";"Thu";54
"ORD_00000177";"2024-09-24";"14:03";"Tue";73
"ORD_00000178";"2024-05-26";"19:36";"Sun";74
"ORD_00000179";"2024-07-15";"19:43";"Mon";75
"ORD_00000180";"2025-01-23";"18:44";"Thu";76
"ORD_00000181";"2024-09-04";"04:17";"Wed";77
"ORD_00000182";"2025-12-06";"08:52";"Sat";78
"ORD_00000183";"2025-10-14";"09:06";"Tue";79
"ORD_00000184";"2025-08-20";"15:41";"Wed";80
"ORD_00000185";"2025-03-24";"11:59";"Mon";81
"ORD_00000186";"2025-02-23";"11:07";"Sun";82
"ORD_00000187";"2025-12-19";"07:50";"Fri";83
"ORD_00000188";"2025-02-15";"09:09";"Sat";102
"ORD_00000189";"2024-11-14";"16:42";"Thu";103
"ORD_00000190";"2025-12-11";"09:03";"Thu";104
"ORD_00000191";"2024-11-19";"19:31";"Tue";105
"ORD_00000192";"2025-01-04";"11:13";"Sat";106
"ORD_00000193";"2024-09-16";"11:30";"Mon";107
"ORD_00000194";"2024-02-19";"08:03";"Mon";108
"ORD_00000195";"2025-01-07";"15:29";"Tue";109
"ORD_00000196";"2025-08-19";"16:01";"Tue";110
"ORD_00000197";"2024-07-21";"16:22";"Sun";111
"ORD_00000198";"2024-02-01";"15:29";"Thu";112
"ORD_00000199";"2024-08-10";"10:03";"Sat";124
"ORD_00000200";"2025-06-27";"13:59";"Fri";125
"ORD_00000201";"2025-08-28";"16:31";"Thu";126
"ORD_00000202";"2024-12-28";"09:39";"Sat";127
"ORD_00000203";"2025-11-28";"15:18";"Fri";128
"ORD_00000204";"2024-06-14";"08:01";"Fri";130
"ORD_00000205";"2024-10-04";"10:52";"Fri";132
"ORD_00000206";"2024-06-16";"09:05";"Sun";134
"ORD_00000207";"2025-06-28";"17:08";"Sat";135
"ORD_00000208";"2024-05-18";"19:33";"Sat";136
"ORD_00000209";"2024-08-10";"09:16";"Sat";137
"ORD_00000210";"2025-03-04";"20:38";"Tue";139
"ORD_00000211";"2024-03-10";"11:10";"Sun";140
"ORD_00000212";"2024-12-17";"16:50";"Tue";141
"ORD_00000213";"2025-08-04";"07:35";"Mon";142
"ORD_00000214";"2024-08-21";"08:28";"Wed";143
"ORD_00000215";"2024-02-22";"09:21";"Thu";144
"ORD_00000216";"2025-07-11";"12:26";"Fri";145
"ORD_00000217";"2024-05-04";"06:10";"Sat";146
"ORD_00000218";"2024-02-08";"09:26";"Thu";147
"ORD_00000219";"2024-04-27";"11:22";"Sat";148
"ORD_00000220";"2025-03-20";"12:03";"Thu";151
"ORD_00000221";"2024-01-25";"06:14";"Thu";192
"ORD_00000222";"2025-07-08";"09:43";"Tue";193
"ORD_00000223";"2025-03-24";"13:58";"Mon";194
"ORD_00000224";"2024-05-07";"09:34";"Tue";195
"ORD_00000225";"2025-12-06";"18:43";"Sat";197
"ORD_00000226";"2024-10-20";"07:36";"Sun";199
"ORD_00000227";"2025-11-26";"05:35";"Wed";201
"ORD_00000228";"2025-06-29";"17:23";"Sun";203
"ORD_00000229";"2025-03-15";"11:09";"Sat";205
"ORD_00000230";"2025-04-29";"09:29";"Tue";207
"ORD_00000231";"2024-09-21";"13:09";"Sat";209
"ORD_00000232";"2024-03-10";"07:22";"Sun";215
"ORD_00000233";"2024-08-13";"16:53";"Tue";217
"ORD_00000234";"2024-07-08";"10:30";"Mon";219
"ORD_00000235";"2025-01-11";"16:07";"Sat";221
"ORD_00000236";"2024-12-07";"17:56";"Sat";231
"ORD_00000237";"2024-10-02";"07:58";"Wed";232
"ORD_00000238";"2025-07-02";"12:27";"Wed";233
"ORD_00000239";"2024-02-14";"05:31";"Wed";234
"ORD_00000240";"2024-02-22";"17:02";"Thu";235
"ORD_00000241";"2025-11-07";"12:05";"Fri";236
"ORD_00000242";"2025-01-01";"17:58";"Wed";237
"ORD_00000243";"2024-05-04";"12:27";"Sat";238
"ORD_00000244";"2024-09-13";"08:04";"Fri";239
"ORD_00000245";"2024-05-19";"06:10";"Sun";240
"ORD_00000246";"2024-01-25";"09:50";"Thu";241
"ORD_00000247";"2024-12-25";"19:16";"Wed";242
"ORD_00000248";"2024-01-08";"15:24";"Mon";243
"ORD_00000249";"2025-01-14";"16:19";"Tue";244
"ORD_00000250";"2025-03-19";"16:46";"Wed";245
"ORD_00000251";"2024-12-16";"14:59";"Mon";277
"ORD_00000252";"2025-08-09";"09:18";"Sat";278
"ORD_00000253";"2024-10-09";"09:47";"Wed";294
"ORD_00000254";"2025-07-03";"13:38";"Thu";300
"ORD_00000255";"2024-11-08";"16:08";"Fri";301
"ORD_00000256";"2025-12-14";"07:34";"Sun";303
"ORD_00000257";"2025-11-15";"17:16";"Sat";305
"ORD_00000258";"2025-02-06";"09:36";"Thu";307
"ORD_00000259";"2024-11-20";"19:13";"Wed";309
"ORD_00000260";"2025-02-10";"08:22";"Mon";311
"ORD_00000261";"2025-12-28";"16:22";"Sun";96
"ORD_00000262";"2024-02-17";"19:24";"Sat";315
"ORD_00000263";"2025-09-09";"08:27";"Tue";317
"ORD_00000264";"2024-05-20";"19:18";"Mon";320
"ORD_00000265";"2024-02-19";"15:38";"Mon";336
"ORD_00000266";"2024-11-16";"16:39";"Sat";339
"ORD_00000267";"2024-05-07";"06:08";"Tue";340
"ORD_00000268";"2024-11-08";"16:10";"Fri";360
"ORD_00000269";"2025-09-08";"13:15";"Mon";361
"ORD_00000270";"2024-10-10";"14:05";"Thu";362
"ORD_00000271";"2024-06-12";"06:17";"Wed";363
"ORD_00000272";"2025-09-06";"09:48";"Sat";364
"ORD_00000273";"2024-09-28";"11:08";"Sat";365
"ORD_00000274";"2024-06-27";"06:35";"Thu";366
"ORD_00000275";"2024-12-29";"07:27";"Sun";367
"ORD_00000276";"2024-10-22";"12:06";"Tue";368
"ORD_00000277";"2024-05-10";"16:36";"Fri";369
"ORD_00000278";"2024-08-15";"07:16";"Thu";370
"ORD_00000279";"2024-10-21";"12:57";"Mon";118
"ORD_00000280";"2025-04-05";"17:14";"Sat";372
"ORD_00000281";"2024-03-30";"09:42";"Sat";373
"ORD_00000282";"2025-12-24";"07:53";"Wed";374
"ORD_00000283";"2024-09-14";"08:25";"Sat";375
"ORD_00000284";"2024-05-30";"13:16";"Thu";376
"ORD_00000285";"2025-02-11";"18:28";"Tue";391
"ORD_00000286";"2025-07-12";"18:58";"Sat";392
"ORD_00000287";"2024-02-14";"03:37";"Wed";435
"ORD_00000288";"2025-04-01";"20:59";"Tue";436
"ORD_00000289";"2024-01-29";"20:41";"Mon";439
"ORD_00000290";"2025-11-17";"16:48";"Mon";440
"ORD_00000291";"2024-11-16";"09:29";"Sat";441
"ORD_00000292";"2025-02-09";"17:31";"Sun";442
"ORD_00000293";"2025-10-17";"10:02";"Fri";443
"ORD_00000294";"2024-10-05";"17:47";"Sat";444
"ORD_00000295";"2025-08-24";"09:30";"Sun";445
"ORD_00000296";"2025-03-15";"08:59";"Sat";446
"ORD_00000297";"2024-05-04";"13:09";"Sat";448
"ORD_00000298";"2025-10-15";"07:38";"Wed";460
"ORD_00000299";"2025-03-18";"08:29";"Tue";462
"ORD_00000300";"2025-05-25";"23:18";"Sun";466
"ORD_00000301";"2025-09-14";"21:24";"Sun";467
"ORD_00000302";"2024-06-11";"12:32";"Tue";468
"ORD_00000303";"2024-06-18";"16:27";"Tue";469
"ORD_00000304";"2024-06-11";"11:52";"Tue";471
"ORD_00000305";"2025-11-29";"11:03";"Sat";472
"ORD_00000306";"2025-02-11";"21:26";"Tue";473
"ORD_00000307";"2025-06-09";"06:24";"Mon";475
"ORD_00000308";"2024-06-22";"19:39";"Sat";331
"ORD_00000309";"2025-11-23";"16:41";"Sun";515
"ORD_00000310";"2024-10-06";"08:19";"Sun";518
"ORD_00000311";"2025-02-08";"12:07";"Sat";519
"ORD_00000312";"2025-05-20";"18:31";"Tue";520
"ORD_00000313";"2024-03-19";"19:01";"Tue";521
"ORD_00000314";"2024-08-09";"06:09";"Fri";523
"ORD_00000315";"2025-08-30";"08:00";"Sat";355
"ORD_00000316";"2024-04-25";"11:02";"Thu";527
"ORD_00000317";"2025-08-12";"09:57";"Tue";554
"ORD_00000318";"2025-01-20";"16:29";"Mon";556
"ORD_00000319";"2025-06-06";"22:50";"Fri";558
"ORD_00000320";"2024-02-29";"06:40";"Thu";562
"ORD_00000321";"2025-09-30";"08:02";"Tue";566
"ORD_00000322";"2024-07-28";"14:11";"Sun";570
"ORD_00000323";"2024-03-18";"07:44";"Mon";571
"ORD_00000324";"2024-02-13";"07:55";"Tue";573
"ORD_00000325";"2024-06-20";"18:13";"Thu";574
"ORD_00000326";"2025-04-24";"11:59";"Thu";583
"ORD_00000327";"2024-09-19";"07:25";"Thu";586
"ORD_00000328";"2024-12-12";"15:59";"Thu";588
"ORD_00000329";"2024-03-17";"12:49";"Sun";590
"ORD_00000330";"2025-05-16";"12:26";"Fri";593
"ORD_00000331";"2024-08-20";"01:41";"Tue";631
"ORD_00000332";"2024-01-08";"08:20";"Mon";638
"ORD_00000333";"2024-04-30";"07:01";"Tue";647
"ORD_00000334";"2024-01-29";"17:16";"Mon";648
"ORD_00000335";"2024-03-06";"05:20";"Wed";649
"ORD_00000336";"2025-07-07";"14:17";"Mon";650
"ORD_00000337";"2024-06-16";"13:05";"Sun";651
"ORD_00000338";"2025-12-02";"13:34";"Tue";652
"ORD_00000339";"2024-10-07";"23:54";"Mon";654
"ORD_00000340";"2024-10-01";"17:08";"Tue";409
"ORD_00000341";"2025-05-09";"06:57";"Fri";658
"ORD_00000342";"2024-08-23";"08:22";"Fri";667
"ORD_00000343";"2024-12-27";"07:39";"Fri";668
"ORD_00000344";"2025-04-14";"12:11";"Mon";669
"ORD_00000345";"2024-01-17";"18:40";"Wed";670
"ORD_00000346";"2025-06-25";"07:38";"Wed";672
"ORD_00000347";"2025-02-06";"08:46";"Thu";673
"ORD_00000348";"2024-06-08";"11:10";"Sat";674
"ORD_00000349";"2024-06-10";"19:40";"Mon";700
"ORD_00000350";"2025-01-18";"17:05";"Sat";702
"ORD_00000351";"2025-03-05";"17:35";"Wed";704
"ORD_00000352";"2025-10-30";"15:56";"Thu";705
"ORD_00000353";"2024-10-27";"18:16";"Sun";728
"ORD_00000354";"2025-10-02";"15:11";"Thu";729
"ORD_00000355";"2025-05-17";"10:48";"Sat";730
"ORD_00000356";"2024-07-28";"07:28";"Sun";732
"ORD_00000357";"2024-09-02";"16:23";"Mon";734
"ORD_00000358";"2025-08-05";"08:56";"Tue";736
"ORD_00000359";"2024-03-19";"09:12";"Tue";738
"ORD_00000360";"2025-01-28";"12:43";"Tue";739
"ORD_00000361";"2025-08-27";"11:47";"Wed";740
"ORD_00000362";"2024-05-30";"13:56";"Thu";343
"ORD_00000363";"2024-03-20";"09:27";"Wed";742
"ORD_00000364";"2024-07-14";"00:46";"Sun";746
"ORD_00000365";"2025-06-07";"13:26";"Sat";754
"ORD_00000366";"2024-05-24";"13:18";"Fri";756
"ORD_00000367";"2024-06-16";"12:16";"Sun";757
"ORD_00000368";"2024-08-16";"03:30";"Fri";765
"ORD_00000369";"2024-11-25";"07:45";"Mon";423
"ORD_00000370";"2025-05-16";"18:57";"Fri";768
"ORD_00000371";"2025-07-01";"17:41";"Tue";769
"ORD_00000372";"2025-11-19";"07:17";"Wed";770
"ORD_00000373";"2024-01-27";"16:47";"Sat";771
"ORD_00000374";"2025-09-24";"15:54";"Wed";772
"ORD_00000375";"2024-02-28";"16:05";"Wed";791
"ORD_00000376";"2024-05-13";"12:56";"Mon";795
"ORD_00000377";"2024-12-10";"10:15";"Tue";797
"ORD_00000378";"2025-03-03";"17:46";"Mon";799
"ORD_00000379";"2024-12-27";"08:51";"Fri";802
"ORD_00000380";"2025-10-17";"11:37";"Fri";804
"ORD_00000381";"2025-09-28";"13:11";"Sun";845
"ORD_00000382";"2025-11-25";"10:16";"Tue";847
"ORD_00000383";"2024-03-01";"05:00";"Fri";849
"ORD_00000384";"2025-04-26";"12:20";"Sat";851
"ORD_00000385";"2024-12-07";"10:15";"Sat";853
"ORD_00000386";"2024-05-24";"06:22";"Fri";854
"ORD_00000387";"2024-05-27";"12:28";"Mon";856
"ORD_00000388";"2024-04-14";"12:18";"Sun";858
"ORD_00000389";"2024-03-03";"16:14";"Sun";860
"ORD_00000390";"2025-11-24";"06:11";"Mon";862
"ORD_00000391";"2024-03-09";"07:58";"Sat";863
"ORD_00000392";"2024-09-02";"16:29";"Mon";864
"ORD_00000393";"2025-05-31";"07:57";"Sat";865
"ORD_00000394";"2025-10-01";"06:24";"Wed";866
"ORD_00000395";"2025-10-30";"15:12";"Thu";868
"ORD_00000396";"2024-01-30";"09:50";"Tue";372
"ORD_00000397";"2024-04-18";"11:45";"Thu";898
"ORD_00000398";"2025-03-06";"06:59";"Thu";900
"ORD_00000399";"2024-09-12";"18:29";"Thu";902
"ORD_00000400";"2024-06-10";"07:02";"Mon";904
"ORD_00000401";"2024-09-27";"12:34";"Fri";906
"ORD_00000402";"2025-09-09";"19:19";"Tue";172
"ORD_00000403";"2025-02-07";"13:20";"Fri";910
"ORD_00000404";"2024-06-22";"08:23";"Sat";911
"ORD_00000405";"2024-01-10";"08:56";"Wed";912
"ORD_00000406";"2024-02-14";"08:28";"Wed";918
"ORD_00000407";"2025-05-30";"15:58";"Fri";920
"ORD_00000408";"2024-09-04";"17:31";"Wed";924
"ORD_00000409";"2025-08-24";"03:31";"Sun";925
"ORD_00000410";"2024-07-02";"09:41";"Tue";927
"ORD_00000411";"2024-04-02";"18:21";"Tue";929
"ORD_00000412";"2025-12-10";"15:07";"Wed";930
"ORD_00000413";"2025-08-02";"18:02";"Sat";935
"ORD_00000414";"2024-04-29";"06:26";"Mon";937
"ORD_00000415";"2025-06-07";"10:04";"Sat";939
"ORD_00000416";"2024-11-15";"11:47";"Fri";941
"ORD_00000417";"2025-10-04";"16:32";"Sat";943
"ORD_00000418";"2025-02-02";"08:13";"Sun";945
"ORD_00000419";"2024-05-17";"01:07";"Fri";362
"ORD_00000420";"2025-08-07";"16:05";"Thu";957
"ORD_00000421";"2024-01-05";"07:24";"Fri";959
"ORD_00000422";"2025-02-04";"11:23";"Tue";960
"ORD_00000423";"2024-08-10";"20:02";"Sat";961
"ORD_00000424";"2025-12-12";"15:19";"Fri";962
"ORD_00000425";"2025-12-08";"06:32";"Mon";963
"ORD_00000426";"2024-12-03";"15:37";"Tue";964
"ORD_00000427";"2024-03-06";"20:55";"Wed";966
"ORD_00000428";"2025-10-14";"05:13";"Tue";972
"ORD_00000429";"2024-11-30";"08:26";"Sat";974
"ORD_00000430";"2024-02-01";"14:17";"Thu";977
"ORD_00000431";"2024-12-17";"15:47";"Tue";978
"ORD_00000432";"2024-09-12";"16:53";"Thu";979
"ORD_00000433";"2024-06-04";"16:21";"Tue";980
"ORD_00000434";"2025-06-03";"20:15";"Tue";981
"ORD_00000435";"2024-04-01";"10:36";"Mon";982
"ORD_00000436";"2024-05-17";"18:10";"Fri";983
"ORD_00000437";"2024-01-25";"12:52";"Thu";984
"ORD_00000438";"2024-09-19";"14:47";"Thu";985
"ORD_00000439";"2025-03-23";"18:34";"Sun";986
"ORD_00000440";"2025-02-13";"09:22";"Thu";987
"ORD_00000441";"2025-08-28";"16:59";"Thu";1044
"ORD_00000442";"2025-01-27";"11:26";"Mon";1045
"ORD_00000443";"2024-05-19";"22:28";"Sun";1046
"ORD_00000444";"2024-06-10";"06:04";"Mon";1048
"ORD_00000445";"2024-08-16";"07:28";"Fri";1066
"ORD_00000446";"2025-12-14";"06:40";"Sun";1069
"ORD_00000447";"2024-11-21";"11:02";"Thu";1073
"ORD_00000448";"2024-12-15";"13:47";"Sun";1075
"ORD_00000449";"2025-03-15";"12:32";"Sat";1077
"ORD_00000450";"2025-03-05";"11:56";"Wed";1079
"ORD_00000451";"2024-01-15";"12:19";"Mon";1081
"ORD_00000452";"2025-08-16";"05:04";"Sat";1090
"ORD_00000453";"2025-12-27";"10:58";"Sat";102
"ORD_00000454";"2025-09-10";"20:35";"Wed";1094
"ORD_00000455";"2024-12-24";"06:00";"Tue";1096
"ORD_00000456";"2025-11-02";"20:37";"Sun";1099
"ORD_00000457";"2024-07-04";"08:52";"Thu";1101
"ORD_00000458";"2025-12-27";"08:34";"Sat";1103
"ORD_00000459";"2024-03-13";"12:20";"Wed";1105
"ORD_00000460";"2025-06-30";"11:13";"Mon";1112
"ORD_00000461";"2025-08-05";"08:44";"Tue";1114
"ORD_00000462";"2024-01-05";"12:56";"Fri";1116
"ORD_00000463";"2025-06-05";"06:30";"Thu";1127
"ORD_00000464";"2025-11-11";"16:52";"Tue";1129
"ORD_00000465";"2025-03-24";"22:20";"Mon";1
"ORD_00000466";"2025-06-26";"10:31";"Thu";3
"ORD_00000467";"2025-04-21";"09:56";"Mon";8
"ORD_00000468";"2024-11-19";"15:19";"Tue";9
"ORD_00000469";"2025-06-14";"16:52";"Sat";10
"ORD_00000470";"2024-04-25";"20:45";"Thu";11
"ORD_00000471";"2024-08-25";"18:50";"Sun";12
"ORD_00000472";"2025-06-28";"06:26";"Sat";14
"ORD_00000473";"2024-03-02";"11:44";"Sat";17
"ORD_00000474";"2025-01-20";"15:22";"Mon";19
"ORD_00000475";"2024-10-12";"18:08";"Sat";23
"ORD_00000476";"2024-07-15";"14:25";"Mon";24
"ORD_00000477";"2024-04-22";"11:24";"Mon";25
"ORD_00000478";"2025-04-18";"10:59";"Fri";26
"ORD_00000479";"2025-10-29";"14:22";"Wed";28
"ORD_00000480";"2024-05-05";"17:58";"Sun";29
"ORD_00000481";"2024-08-16";"19:44";"Fri";30
"ORD_00000482";"2025-05-28";"17:06";"Wed";31
"ORD_00000483";"2024-03-28";"19:15";"Thu";33
"ORD_00000484";"2024-07-14";"07:30";"Sun";34
"ORD_00000485";"2024-04-12";"10:28";"Fri";38
"ORD_00000486";"2024-03-02";"15:23";"Sat";55
"ORD_00000487";"2025-12-02";"11:03";"Tue";56
"ORD_00000488";"2025-06-17";"12:11";"Tue";57
"ORD_00000489";"2024-01-17";"10:15";"Wed";58
"ORD_00000490";"2025-12-18";"03:13";"Thu";59
"ORD_00000491";"2025-03-19";"06:05";"Wed";60
"ORD_00000492";"2025-12-07";"19:03";"Sun";61
"ORD_00000493";"2024-11-09";"09:20";"Sat";63
"ORD_00000494";"2025-08-11";"10:10";"Mon";66
"ORD_00000495";"2025-02-28";"10:49";"Fri";67
"ORD_00000496";"2024-09-25";"14:28";"Wed";68
"ORD_00000497";"2024-10-11";"07:19";"Fri";90
"ORD_00000498";"2024-05-31";"17:14";"Fri";91
"ORD_00000499";"2024-09-29";"12:22";"Sun";92
"ORD_00000500";"2025-09-23";"11:10";"Tue";94
"ORD_00000501";"2025-03-31";"17:27";"Mon";95
"ORD_00000502";"2025-08-11";"06:29";"Mon";96
"ORD_00000503";"2025-08-15";"15:18";"Fri";97
"ORD_00000504";"2025-06-05";"14:03";"Thu";98
"ORD_00000505";"2025-09-13";"16:26";"Sat";99
"ORD_00000506";"2025-09-06";"08:58";"Sat";100
"ORD_00000507";"2025-09-06";"07:16";"Sat";101
"ORD_00000508";"2025-11-26";"16:59";"Wed";165
"ORD_00000509";"2024-12-30";"17:35";"Mon";166
"ORD_00000510";"2025-11-02";"08:26";"Sun";167
"ORD_00000511";"2025-11-18";"16:17";"Tue";168
"ORD_00000512";"2024-03-01";"11:06";"Fri";169
"ORD_00000513";"2024-01-11";"06:16";"Thu";170
"ORD_00000514";"2025-05-13";"09:59";"Tue";171
"ORD_00000515";"2025-01-22";"07:25";"Wed";173
"ORD_00000516";"2025-03-22";"12:12";"Sat";174
"ORD_00000517";"2024-08-09";"08:19";"Fri";175
"ORD_00000518";"2025-01-17";"11:28";"Fri";176
"ORD_00000519";"2025-02-13";"06:12";"Thu";181
"ORD_00000520";"2024-06-09";"10:17";"Sun";183
"ORD_00000521";"2025-01-10";"09:38";"Fri";184
"ORD_00000522";"2025-07-26";"07:51";"Sat";141
"ORD_00000523";"2024-11-07";"11:46";"Thu";186
"ORD_00000524";"2024-02-10";"13:39";"Sat";187
"ORD_00000525";"2025-05-05";"17:36";"Mon";188
"ORD_00000526";"2025-02-15";"09:13";"Sat";189
"ORD_00000527";"2025-05-23";"06:43";"Fri";190
"ORD_00000528";"2024-04-16";"18:51";"Tue";191
"ORD_00000529";"2024-04-13";"19:37";"Sat";229
"ORD_00000530";"2024-12-05";"08:54";"Thu";246
"ORD_00000531";"2024-06-12";"16:44";"Wed";247
"ORD_00000532";"2025-06-30";"12:41";"Mon";248
"ORD_00000533";"2024-04-12";"14:18";"Fri";249
"ORD_00000534";"2024-10-11";"06:50";"Fri";250
"ORD_00000535";"2025-09-29";"17:27";"Mon";251
"ORD_00000536";"2024-02-07";"15:17";"Wed";252
"ORD_00000537";"2024-02-11";"11:49";"Sun";253
"ORD_00000538";"2024-12-04";"12:42";"Wed";254
"ORD_00000539";"2025-09-05";"11:52";"Fri";255
"ORD_00000540";"2024-11-25";"13:56";"Mon";256
"ORD_00000541";"2025-11-13";"20:15";"Thu";257
"ORD_00000542";"2025-08-27";"07:41";"Wed";258
"ORD_00000543";"2024-04-19";"00:40";"Fri";259
"ORD_00000544";"2024-04-11";"08:12";"Thu";260
"ORD_00000545";"2025-04-03";"06:09";"Thu";261
"ORD_00000546";"2024-10-29";"02:55";"Tue";262
"ORD_00000547";"2025-02-20";"06:58";"Thu";263
"ORD_00000548";"2025-10-17";"19:25";"Fri";264
"ORD_00000549";"2024-10-16";"09:03";"Wed";265
"ORD_00000550";"2024-04-20";"04:44";"Sat";266
"ORD_00000551";"2025-09-30";"08:44";"Tue";267
"ORD_00000552";"2024-11-26";"11:25";"Tue";268
"ORD_00000553";"2025-02-25";"06:55";"Tue";269
"ORD_00000554";"2025-07-21";"14:23";"Mon";270
"ORD_00000555";"2025-03-30";"10:51";"Sun";271
"ORD_00000556";"2024-01-31";"06:07";"Wed";272
"ORD_00000557";"2024-02-06";"13:23";"Tue";273
"ORD_00000558";"2025-08-19";"19:37";"Tue";274
"ORD_00000559";"2025-03-17";"10:20";"Mon";275
"ORD_00000560";"2025-04-02";"16:37";"Wed";279
"ORD_00000561";"2024-07-21";"21:29";"Sun";280
"ORD_00000562";"2024-04-24";"11:10";"Wed";298
"ORD_00000563";"2024-12-09";"16:27";"Mon";310
"ORD_00000564";"2024-01-03";"14:06";"Wed";312
"ORD_00000565";"2025-07-22";"08:49";"Tue";314
"ORD_00000566";"2024-05-02";"15:46";"Thu";316
"ORD_00000567";"2024-01-19";"03:54";"Fri";318
"ORD_00000568";"2024-10-01";"05:07";"Tue";321
"ORD_00000569";"2024-02-19";"15:57";"Mon";322
"ORD_00000570";"2025-08-27";"16:37";"Wed";323
"ORD_00000571";"2024-05-20";"08:01";"Mon";324
"ORD_00000572";"2025-12-23";"12:09";"Tue";325
"ORD_00000573";"2025-07-27";"08:32";"Sun";326
"ORD_00000574";"2024-09-07";"13:00";"Sat";335
"ORD_00000575";"2025-02-04";"06:26";"Tue";337
"ORD_00000576";"2024-02-28";"13:54";"Wed";338
"ORD_00000577";"2025-12-24";"12:09";"Wed";341
"ORD_00000578";"2025-07-19";"23:17";"Sat";342
"ORD_00000579";"2025-01-06";"12:52";"Mon";343
"ORD_00000580";"2024-11-15";"07:15";"Fri";344
"ORD_00000581";"2025-06-11";"14:30";"Wed";345
"ORD_00000582";"2024-07-19";"10:39";"Fri";346
"ORD_00000583";"2024-06-27";"12:05";"Thu";347
"ORD_00000584";"2025-04-26";"20:40";"Sat";348
"ORD_00000585";"2025-06-10";"17:08";"Tue";351
"ORD_00000586";"2024-05-16";"17:01";"Thu";352
"ORD_00000587";"2025-10-19";"22:53";"Sun";353
"ORD_00000588";"2025-03-17";"06:33";"Mon";354
"ORD_00000589";"2024-09-20";"11:47";"Fri";355
"ORD_00000590";"2025-07-18";"06:00";"Fri";356
"ORD_00000591";"2025-05-02";"11:45";"Fri";357
"ORD_00000592";"2025-08-28";"07:13";"Thu";358
"ORD_00000593";"2025-04-12";"16:29";"Sat";359
"ORD_00000594";"2024-04-12";"09:05";"Fri";380
"ORD_00000595";"2025-12-29";"13:25";"Mon";382
"ORD_00000596";"2024-12-05";"14:29";"Thu";73
"ORD_00000597";"2024-02-27";"11:30";"Tue";397
"ORD_00000598";"2024-06-02";"14:03";"Sun";398
"ORD_00000599";"2025-03-31";"19:26";"Mon";399
"ORD_00000600";"2024-03-21";"15:47";"Thu";400
"ORD_00000601";"2024-03-07";"13:45";"Thu";402
"ORD_00000602";"2024-10-14";"06:39";"Mon";404
"ORD_00000603";"2024-12-27";"13:56";"Fri";406
"ORD_00000604";"2024-05-18";"13:09";"Sat";409
"ORD_00000605";"2025-09-02";"10:26";"Tue";411
"ORD_00000606";"2025-08-01";"16:02";"Fri";413
"ORD_00000607";"2025-06-11";"13:22";"Wed";420
"ORD_00000608";"2025-08-26";"21:44";"Tue";422
"ORD_00000609";"2024-04-27";"05:22";"Sat";424
"ORD_00000610";"2024-08-28";"08:48";"Wed";427
"ORD_00000611";"2024-05-13";"08:46";"Mon";428
"ORD_00000612";"2025-03-24";"15:37";"Mon";429
"ORD_00000613";"2025-02-26";"17:01";"Wed";430
"ORD_00000614";"2025-09-10";"18:26";"Wed";431
"ORD_00000615";"2025-01-12";"08:14";"Sun";432
"ORD_00000616";"2025-08-09";"10:54";"Sat";433
"ORD_00000617";"2025-07-27";"15:30";"Sun";434
"ORD_00000618";"2025-03-01";"17:17";"Sat";456
"ORD_00000619";"2025-11-03";"16:13";"Mon";457
"ORD_00000620";"2024-08-16";"15:16";"Fri";458
"ORD_00000621";"2024-01-17";"22:13";"Wed";459
"ORD_00000622";"2024-02-27";"06:16";"Tue";461
"ORD_00000623";"2024-04-02";"18:06";"Tue";463
"ORD_00000624";"2025-10-08";"13:42";"Wed";464
"ORD_00000625";"2025-07-11";"09:47";"Fri";465
"ORD_00000626";"2025-12-11";"11:11";"Thu";510
"ORD_00000627";"2024-01-10";"20:30";"Wed";512
"ORD_00000628";"2025-03-06";"11:16";"Thu";513
"ORD_00000629";"2024-05-18";"11:44";"Sat";514
"ORD_00000630";"2025-02-27";"13:50";"Thu";516
"ORD_00000631";"2024-05-12";"15:23";"Sun";517
"ORD_00000632";"2024-05-31";"14:49";"Fri";522
"ORD_00000633";"2024-04-16";"12:31";"Tue";524
"ORD_00000634";"2025-05-25";"12:19";"Sun";526
"ORD_00000635";"2025-07-17";"02:07";"Thu";528
"ORD_00000636";"2024-12-25";"15:52";"Wed";529
"ORD_00000637";"2025-11-27";"18:35";"Thu";530
"ORD_00000638";"2025-07-15";"12:49";"Tue";531
"ORD_00000639";"2025-03-30";"08:52";"Sun";532
"ORD_00000640";"2025-12-10";"07:50";"Wed";553
"ORD_00000641";"2025-10-16";"07:56";"Thu";560
"ORD_00000642";"2025-04-29";"13:16";"Tue";564
"ORD_00000643";"2025-05-13";"09:37";"Tue";572
"ORD_00000644";"2025-07-24";"13:38";"Thu";575
"ORD_00000645";"2025-06-23";"11:33";"Mon";577
"ORD_00000646";"2024-04-25";"11:15";"Thu";284
"ORD_00000647";"2025-03-21";"10:58";"Fri";581
"ORD_00000648";"2024-03-22";"11:10";"Fri";584
"ORD_00000649";"2024-03-24";"17:39";"Sun";592
"ORD_00000650";"2024-05-09";"12:14";"Thu";595
"ORD_00000651";"2025-03-24";"09:07";"Mon";598
"ORD_00000652";"2024-07-08";"08:59";"Mon";601
"ORD_00000653";"2024-02-26";"19:58";"Mon";604
"ORD_00000654";"2025-08-22";"09:58";"Fri";612
"ORD_00000655";"2025-06-21";"10:00";"Sat";237
"ORD_00000656";"2025-05-02";"16:50";"Fri";614
"ORD_00000657";"2025-06-11";"13:52";"Wed";615
"ORD_00000658";"2024-11-29";"12:51";"Fri";659
"ORD_00000659";"2024-05-23";"06:45";"Thu";662
"ORD_00000660";"2024-07-05";"13:45";"Fri";664
"ORD_00000661";"2024-03-21";"13:42";"Thu";666
"ORD_00000662";"2025-03-28";"15:50";"Fri";691
"ORD_00000663";"2024-02-05";"12:42";"Mon";692
"ORD_00000664";"2025-01-08";"12:00";"Wed";693
"ORD_00000665";"2025-12-15";"05:29";"Mon";694
"ORD_00000666";"2024-04-19";"16:34";"Fri";695
"ORD_00000667";"2024-08-17";"12:21";"Sat";696
"ORD_00000668";"2024-09-04";"11:30";"Wed";697
"ORD_00000669";"2025-05-28";"08:58";"Wed";698
"ORD_00000670";"2025-11-13";"10:21";"Thu";699
"ORD_00000671";"2024-11-30";"18:50";"Sat";701
"ORD_00000672";"2024-12-28";"18:08";"Sat";703
"ORD_00000673";"2024-03-07";"15:35";"Thu";706
"ORD_00000674";"2025-01-03";"12:48";"Fri";707
"ORD_00000675";"2024-11-06";"06:29";"Wed";708
"ORD_00000676";"2025-10-12";"06:21";"Sun";709
"ORD_00000677";"2024-02-16";"14:22";"Fri";710
"ORD_00000678";"2025-08-07";"11:25";"Thu";682
"ORD_00000679";"2025-12-13";"11:22";"Sat";712
"ORD_00000680";"2025-05-13";"07:18";"Tue";713
"ORD_00000681";"2024-03-07";"07:22";"Thu";714
"ORD_00000682";"2025-12-28";"16:40";"Sun";715
"ORD_00000683";"2025-07-15";"18:45";"Tue";716
"ORD_00000684";"2024-06-18";"10:40";"Tue";745
"ORD_00000685";"2024-08-03";"13:28";"Sat";748
"ORD_00000686";"2024-04-15";"12:35";"Mon";750
"ORD_00000687";"2024-02-25";"12:23";"Sun";558
"ORD_00000688";"2024-08-12";"07:22";"Mon";763
"ORD_00000689";"2025-08-21";"16:56";"Thu";764
"ORD_00000690";"2025-10-25";"06:36";"Sat";809
"ORD_00000691";"2024-02-07";"06:27";"Wed";810
"ORD_00000692";"2024-12-06";"06:26";"Fri";811
"ORD_00000693";"2025-10-10";"14:32";"Fri";812
"ORD_00000694";"2024-04-27";"12:56";"Sat";814
"ORD_00000695";"2025-07-14";"04:12";"Mon";820
"ORD_00000696";"2024-01-03";"11:26";"Wed";434
"ORD_00000697";"2025-12-11";"16:27";"Thu";824
"ORD_00000698";"2024-06-05";"07:27";"Wed";41
"ORD_00000699";"2024-12-26";"02:42";"Thu";827
"ORD_00000700";"2025-07-08";"09:57";"Tue";828
"ORD_00000701";"2024-03-14";"11:30";"Thu";612
"ORD_00000702";"2024-09-11";"12:06";"Wed";832
"ORD_00000703";"2025-03-25";"18:27";"Tue";834
"ORD_00000704";"2025-01-29";"17:48";"Wed";836
"ORD_00000705";"2024-07-17";"08:39";"Wed";838
"ORD_00000706";"2024-09-23";"10:32";"Mon";855
"ORD_00000707";"2024-08-02";"11:32";"Fri";857
"ORD_00000708";"2025-09-03";"06:28";"Wed";859
"ORD_00000709";"2025-11-11";"06:20";"Tue";867
"ORD_00000710";"2024-02-29";"11:34";"Thu";869
"ORD_00000711";"2024-03-14";"17:12";"Thu";871
"ORD_00000712";"2024-03-29";"11:16";"Fri";873
"ORD_00000713";"2025-01-24";"17:15";"Fri";875
"ORD_00000714";"2025-09-11";"12:40";"Thu";877
"ORD_00000715";"2024-09-07";"20:06";"Sat";879
"ORD_00000716";"2025-08-18";"11:39";"Mon";469
"ORD_00000717";"2025-03-08";"14:11";"Sat";891
"ORD_00000718";"2025-11-20";"12:51";"Thu";893
"ORD_00000719";"2024-10-14";"11:59";"Mon";894
"ORD_00000720";"2024-06-30";"15:25";"Sun";200
"ORD_00000721";"2025-09-30";"18:28";"Tue";896
"ORD_00000722";"2024-06-05";"09:11";"Wed";940
"ORD_00000723";"2025-08-29";"05:18";"Fri";942
"ORD_00000724";"2025-07-03";"14:32";"Thu";944
"ORD_00000725";"2024-06-26";"17:36";"Wed";946
"ORD_00000726";"2025-10-27";"09:40";"Mon";948
"ORD_00000727";"2025-04-20";"15:47";"Sun";950
"ORD_00000728";"2025-01-06";"16:49";"Mon";989
"ORD_00000729";"2024-01-19";"13:16";"Fri";991
"ORD_00000730";"2024-07-09";"18:20";"Tue";993
"ORD_00000731";"2024-10-09";"07:24";"Wed";995
"ORD_00000732";"2024-04-17";"19:12";"Wed";997
"ORD_00000733";"2024-04-22";"06:48";"Mon";999
"ORD_00000734";"2024-12-06";"17:48";"Fri";1001
"ORD_00000735";"2024-03-30";"09:23";"Sat";107
"ORD_00000736";"2025-06-23";"15:51";"Mon";1003
"ORD_00000737";"2024-06-20";"07:37";"Thu";1004
"ORD_00000738";"2024-07-15";"06:21";"Mon";1005
"ORD_00000739";"2024-06-16";"14:22";"Sun";1006
"ORD_00000740";"2024-04-28";"13:45";"Sun";1007
"ORD_00000741";"2024-09-21";"06:04";"Sat";1008
"ORD_00000742";"2025-11-19";"11:04";"Wed";1009
"ORD_00000743";"2024-01-01";"12:59";"Mon";1010
"ORD_00000744";"2024-09-17";"16:12";"Tue";1011
"ORD_00000745";"2025-10-27";"10:13";"Mon";1013
"ORD_00000746";"2025-10-27";"19:40";"Mon";1015
"ORD_00000747";"2024-02-01";"11:00";"Thu";1016
"ORD_00000748";"2024-02-28";"16:46";"Wed";1017
"ORD_00000749";"2024-06-25";"08:44";"Tue";1018
"ORD_00000750";"2025-03-22";"08:25";"Sat";1032
"ORD_00000751";"2024-10-27";"18:56";"Sun";1036
"ORD_00000752";"2024-12-22";"19:38";"Sun";1039
"ORD_00000753";"2025-03-10";"16:18";"Mon";1056
"ORD_00000754";"2024-02-04";"09:27";"Sun";1058
"ORD_00000755";"2024-08-17";"19:06";"Sat";1060
"ORD_00000756";"2025-12-01";"12:38";"Mon";158
"ORD_00000757";"2025-06-23";"06:51";"Mon";1064
"ORD_00000758";"2025-05-25";"08:19";"Sun";1067
"ORD_00000759";"2025-05-04";"11:38";"Sun";1070
"ORD_00000760";"2025-12-20";"06:51";"Sat";1072
"ORD_00000761";"2025-06-14";"18:07";"Sat";1084
"ORD_00000762";"2025-11-03";"04:46";"Mon";1086
"ORD_00000763";"2025-02-11";"15:24";"Tue";1088
"ORD_00000764";"2024-04-02";"19:06";"Tue";1098
"ORD_00000765";"2025-06-09";"07:31";"Mon";1100
"ORD_00000766";"2024-05-05";"16:05";"Sun";1102
"ORD_00000767";"2024-06-13";"16:56";"Thu";1104
"ORD_00000768";"2024-12-18";"17:33";"Wed";1107
"ORD_00000769";"2024-06-27";"07:50";"Thu";1118
"ORD_00000770";"2024-04-13";"17:11";"Sat";1120
"ORD_00000771";"2024-04-24";"18:16";"Wed";1122
"ORD_00000772";"2024-05-19";"09:36";"Sun";1167
"ORD_00000773";"2025-12-01";"09:44";"Mon";1170
"ORD_00000774";"2024-12-22";"07:37";"Sun";1172
"ORD_00000775";"2024-03-28";"07:09";"Thu";6
"ORD_00000776";"2024-07-11";"05:21";"Thu";18
"ORD_00000777";"2024-10-22";"17:52";"Tue";27
"ORD_00000778";"2025-07-25";"07:02";"Fri";32
"ORD_00000779";"2025-08-21";"13:13";"Thu";35
"ORD_00000780";"2024-06-22";"07:39";"Sat";41
"ORD_00000781";"2025-09-02";"12:39";"Tue";43
"ORD_00000782";"2024-09-09";"12:50";"Mon";46
"ORD_00000783";"2024-08-01";"06:50";"Thu";62
"ORD_00000784";"2025-05-14";"05:54";"Wed";65
"ORD_00000785";"2024-09-27";"07:13";"Fri";69
"ORD_00000786";"2025-06-13";"14:14";"Fri";70
"ORD_00000787";"2024-06-18";"20:48";"Tue";71
"ORD_00000788";"2024-08-28";"18:51";"Wed";72
"ORD_00000789";"2025-12-15";"14:42";"Mon";84
"ORD_00000790";"2025-08-27";"15:06";"Wed";85
"ORD_00000791";"2024-08-23";"08:03";"Fri";86
"ORD_00000792";"2025-02-28";"14:01";"Fri";87
"ORD_00000793";"2024-04-08";"11:51";"Mon";88
"ORD_00000794";"2024-05-30";"19:15";"Thu";89
"ORD_00000795";"2024-08-12";"09:57";"Mon";93
"ORD_00000796";"2024-02-05";"07:57";"Mon";116
"ORD_00000797";"2025-07-04";"09:58";"Fri";117
"ORD_00000798";"2025-03-21";"08:20";"Fri";118
"ORD_00000799";"2024-10-28";"15:16";"Mon";119
"ORD_00000800";"2025-12-08";"18:59";"Mon";120
"ORD_00000801";"2025-05-25";"15:41";"Sun";121
"ORD_00000802";"2025-10-04";"18:55";"Sat";122
"ORD_00000803";"2024-09-17";"12:53";"Tue";123
"ORD_00000804";"2024-02-08";"05:18";"Thu";129
"ORD_00000805";"2025-03-27";"15:34";"Thu";131
"ORD_00000806";"2025-03-30";"11:20";"Sun";133
"ORD_00000807";"2025-11-14";"12:10";"Fri";138
"ORD_00000808";"2024-12-03";"06:36";"Tue";152
"ORD_00000809";"2024-03-13";"16:16";"Wed";153
"ORD_00000810";"2024-04-13";"17:52";"Sat";154
"ORD_00000811";"2025-01-05";"11:10";"Sun";155
"ORD_00000812";"2025-06-01";"16:41";"Sun";156
"ORD_00000813";"2024-03-09";"12:49";"Sat";157
"ORD_00000814";"2025-05-19";"14:49";"Mon";158
"ORD_00000815";"2024-11-02";"15:17";"Sat";159
"ORD_00000816";"2024-09-18";"16:34";"Wed";160
"ORD_00000817";"2025-05-21";"17:32";"Wed";161
"ORD_00000818";"2024-09-17";"11:51";"Tue";177
"ORD_00000819";"2024-04-12";"09:36";"Fri";178
"ORD_00000820";"2025-02-13";"11:44";"Thu";179
"ORD_00000821";"2024-12-16";"17:08";"Mon";180
"ORD_00000822";"2024-12-29";"17:33";"Sun";182
"ORD_00000823";"2025-08-28";"15:13";"Thu";200
"ORD_00000824";"2024-04-23";"11:30";"Tue";202
"ORD_00000825";"2024-03-28";"16:44";"Thu";204
"ORD_00000826";"2024-11-24";"13:34";"Sun";206
"ORD_00000827";"2024-10-02";"19:35";"Wed";208
"ORD_00000828";"2025-12-07";"08:21";"Sun";210
"ORD_00000829";"2025-04-05";"16:43";"Sat";216
"ORD_00000830";"2025-11-19";"10:20";"Wed";218
"ORD_00000831";"2025-10-22";"17:47";"Wed";220
"ORD_00000832";"2025-04-20";"13:49";"Sun";222
"ORD_00000833";"2024-07-20";"16:18";"Sat";223
"ORD_00000834";"2025-04-23";"07:31";"Wed";224
"ORD_00000835";"2025-11-27";"06:12";"Thu";225
"ORD_00000836";"2025-02-01";"09:06";"Sat";226
"ORD_00000837";"2025-06-20";"14:01";"Fri";227
"ORD_00000838";"2024-11-02";"19:30";"Sat";228
"ORD_00000839";"2024-04-02";"06:00";"Tue";276
"ORD_00000840";"2025-03-06";"12:19";"Thu";281
"ORD_00000841";"2024-12-31";"08:58";"Tue";282
"ORD_00000842";"2024-03-01";"16:47";"Fri";283
"ORD_00000843";"2024-10-24";"07:59";"Thu";284
"ORD_00000844";"2024-06-11";"23:56";"Tue";285
"ORD_00000845";"2024-09-06";"16:03";"Fri";286
"ORD_00000846";"2025-02-14";"07:04";"Fri";287
"ORD_00000847";"2025-10-10";"17:41";"Fri";288
"ORD_00000848";"2025-05-14";"11:45";"Wed";289
"ORD_00000849";"2025-03-22";"07:33";"Sat";290
"ORD_00000850";"2025-03-29";"06:01";"Sat";291
"ORD_00000851";"2024-11-20";"08:47";"Wed";292
"ORD_00000852";"2025-08-03";"11:06";"Sun";293
"ORD_00000853";"2025-06-25";"11:28";"Wed";295
"ORD_00000854";"2024-03-22";"18:42";"Fri";296
"ORD_00000855";"2024-08-12";"17:52";"Mon";297
"ORD_00000856";"2025-01-03";"18:28";"Fri";299
"ORD_00000857";"2024-08-06";"17:28";"Tue";302
"ORD_00000858";"2024-10-23";"01:42";"Wed";304
"ORD_00000859";"2024-09-24";"19:43";"Tue";306
"ORD_00000860";"2025-10-27";"10:10";"Mon";308
"ORD_00000861";"2024-03-06";"17:05";"Wed";319
"ORD_00000862";"2024-03-12";"15:59";"Tue";327
"ORD_00000863";"2024-07-14";"10:49";"Sun";328
"ORD_00000864";"2025-05-29";"09:58";"Thu";329
"ORD_00000865";"2024-09-24";"08:55";"Tue";330
"ORD_00000866";"2025-05-18";"16:48";"Sun";331
"ORD_00000867";"2025-07-25";"06:35";"Fri";332
"ORD_00000868";"2024-12-28";"16:21";"Sat";333
"ORD_00000869";"2024-10-23";"08:46";"Wed";334
"ORD_00000870";"2025-05-20";"07:25";"Tue";349
"ORD_00000871";"2025-11-16";"06:28";"Sun";350
"ORD_00000872";"2024-09-17";"05:09";"Tue";377
"ORD_00000873";"2025-11-06";"11:24";"Thu";378
"ORD_00000874";"2024-06-06";"09:30";"Thu";379
"ORD_00000875";"2025-04-15";"09:07";"Tue";381
"ORD_00000876";"2024-04-23";"11:48";"Tue";383
"ORD_00000877";"2025-03-23";"09:29";"Sun";384
"ORD_00000878";"2024-06-30";"13:10";"Sun";385
"ORD_00000879";"2025-04-08";"06:10";"Tue";386
"ORD_00000880";"2025-12-05";"18:17";"Fri";387
"ORD_00000881";"2024-10-20";"16:51";"Sun";388
"ORD_00000882";"2025-02-18";"16:21";"Tue";389
"ORD_00000883";"2024-02-09";"11:42";"Fri";390
"ORD_00000884";"2024-08-19";"08:03";"Mon";393
"ORD_00000885";"2025-03-22";"10:04";"Sat";394
"ORD_00000886";"2024-02-25";"07:54";"Sun";395
"ORD_00000887";"2024-07-01";"06:09";"Mon";401
"ORD_00000888";"2025-04-19";"12:59";"Sat";403
"ORD_00000889";"2024-10-21";"07:56";"Mon";405
"ORD_00000890";"2025-12-29";"12:15";"Mon";407
"ORD_00000891";"2025-10-27";"15:20";"Mon";408
"ORD_00000892";"2024-09-07";"17:43";"Sat";410
"ORD_00000893";"2024-02-29";"12:15";"Thu";412
"ORD_00000894";"2024-07-11";"08:07";"Thu";414
"ORD_00000895";"2025-05-17";"19:20";"Sat";415
"ORD_00000896";"2024-06-12";"08:24";"Wed";416
"ORD_00000897";"2025-07-03";"09:08";"Thu";417
"ORD_00000898";"2025-06-06";"16:35";"Fri";418
"ORD_00000899";"2025-06-27";"15:56";"Fri";419
"ORD_00000900";"2024-01-04";"20:59";"Thu";421
"ORD_00000901";"2024-06-06";"17:13";"Thu";423
"ORD_00000902";"2025-04-21";"11:32";"Mon";425
"ORD_00000903";"2025-01-10";"06:03";"Fri";426
"ORD_00000904";"2024-10-31";"07:54";"Thu";437
"ORD_00000905";"2025-03-17";"08:12";"Mon";438
"ORD_00000906";"2025-09-02";"20:44";"Tue";470
"ORD_00000907";"2024-10-27";"13:06";"Sun";474
"ORD_00000908";"2024-08-21";"17:49";"Wed";476
"ORD_00000909";"2025-12-09";"08:14";"Tue";478
"ORD_00000910";"2024-06-06";"15:42";"Thu";479
"ORD_00000911";"2025-05-26";"11:51";"Mon";480
"ORD_00000912";"2025-02-27";"19:12";"Thu";481
"ORD_00000913";"2024-07-25";"12:09";"Thu";482
"ORD_00000914";"2025-12-04";"12:40";"Thu";483
"ORD_00000915";"2025-02-27";"16:53";"Thu";484
"ORD_00000916";"2025-01-31";"12:36";"Fri";485
"ORD_00000917";"2024-06-12";"06:58";"Wed";489
"ORD_00000918";"2025-07-13";"19:27";"Sun";490
"ORD_00000919";"2024-01-09";"22:28";"Tue";491
"ORD_00000920";"2024-09-21";"18:22";"Sat";492
"ORD_00000921";"2024-09-09";"18:34";"Mon";493
"ORD_00000922";"2024-03-02";"13:24";"Sat";494
"ORD_00000923";"2024-02-27";"15:19";"Tue";495
"ORD_00000924";"2025-07-23";"12:46";"Wed";496
"ORD_00000925";"2025-03-04";"11:08";"Tue";497
"ORD_00000926";"2025-10-13";"09:34";"Mon";498
"ORD_00000927";"2025-02-01";"11:21";"Sat";499
"ORD_00000928";"2024-06-11";"12:34";"Tue";533
"ORD_00000929";"2025-03-27";"08:00";"Thu";534
"ORD_00000930";"2025-09-06";"10:07";"Sat";535
"ORD_00000931";"2024-09-26";"17:09";"Thu";536
"ORD_00000932";"2025-03-06";"07:45";"Thu";537
"ORD_00000933";"2024-08-26";"11:59";"Mon";538
"ORD_00000934";"2025-02-03";"16:33";"Mon";539
"ORD_00000935";"2024-03-02";"11:05";"Sat";540
"ORD_00000936";"2024-11-08";"19:45";"Fri";541
"ORD_00000937";"2025-03-14";"15:09";"Fri";542
"ORD_00000938";"2024-03-26";"16:36";"Tue";543
"ORD_00000939";"2024-09-11";"09:46";"Wed";544
"ORD_00000940";"2025-10-28";"08:48";"Tue";545
"ORD_00000941";"2025-08-07";"14:35";"Thu";546
"ORD_00000942";"2025-01-17";"06:25";"Fri";547
"ORD_00000943";"2024-03-08";"14:25";"Fri";548
"ORD_00000944";"2024-06-29";"04:17";"Sat";549
"ORD_00000945";"2024-05-23";"14:21";"Thu";550
"ORD_00000946";"2024-09-26";"18:43";"Thu";551
"ORD_00000947";"2025-07-16";"15:57";"Wed";552
"ORD_00000948";"2024-03-01";"19:11";"Fri";555
"ORD_00000949";"2024-06-17";"16:58";"Mon";557
"ORD_00000950";"2025-09-09";"08:08";"Tue";561
"ORD_00000951";"2024-12-19";"13:19";"Thu";382
"ORD_00000952";"2025-04-28";"06:54";"Mon";576
"ORD_00000953";"2025-06-06";"16:50";"Fri";578
"ORD_00000954";"2024-02-02";"17:01";"Fri";580
"ORD_00000955";"2024-09-22";"06:40";"Sun";582
"ORD_00000956";"2024-07-03";"16:58";"Wed";585
"ORD_00000957";"2025-06-25";"09:54";"Wed";587
"ORD_00000958";"2024-08-16";"07:49";"Fri";28
"ORD_00000959";"2024-03-13";"17:13";"Wed";591
"ORD_00000960";"2024-10-02";"16:41";"Wed";594
"ORD_00000961";"2024-03-14";"06:06";"Thu";596
"ORD_00000962";"2025-08-20";"20:32";"Wed";597
"ORD_00000963";"2024-01-21";"09:41";"Sun";599
"ORD_00000964";"2024-07-26";"17:56";"Fri";600
"ORD_00000965";"2025-09-28";"05:32";"Sun";603
"ORD_00000966";"2025-09-27";"20:12";"Sat";606
"ORD_00000967";"2024-04-20";"09:17";"Sat";608
"ORD_00000968";"2025-06-23";"18:09";"Mon";616
"ORD_00000969";"2024-06-18";"15:20";"Tue";617
"ORD_00000970";"2024-08-17";"09:21";"Sat";618
"ORD_00000971";"2024-11-01";"14:41";"Fri";619
"ORD_00000972";"2025-10-07";"11:23";"Tue";620
"ORD_00000973";"2024-12-31";"13:36";"Tue";621
"ORD_00000974";"2024-08-20";"06:20";"Tue";622
"ORD_00000975";"2025-01-27";"07:31";"Mon";623
"ORD_00000976";"2025-05-24";"15:59";"Sat";624
"ORD_00000977";"2024-03-31";"11:12";"Sun";625
"ORD_00000978";"2025-03-31";"17:01";"Mon";626
"ORD_00000979";"2025-08-30";"16:07";"Sat";627
"ORD_00000980";"2024-09-26";"10:40";"Thu";628
"ORD_00000981";"2024-12-29";"19:04";"Sun";629
"ORD_00000982";"2024-06-08";"06:34";"Sat";630
"ORD_00000983";"2025-05-03";"07:01";"Sat";634
"ORD_00000984";"2025-02-16";"13:51";"Sun";636
"ORD_00000985";"2024-03-24";"08:00";"Sun";639
"ORD_00000986";"2025-02-08";"14:49";"Sat";641
"ORD_00000987";"2025-03-19";"06:00";"Wed";653
"ORD_00000988";"2025-03-12";"08:55";"Wed";655
"ORD_00000989";"2024-08-13";"19:21";"Tue";657
"ORD_00000990";"2024-01-01";"07:38";"Mon";660
"ORD_00000991";"2024-04-24";"16:24";"Wed";661
"ORD_00000992";"2025-04-15";"11:55";"Tue";663
"ORD_00000993";"2025-11-21";"11:27";"Fri";665
"ORD_00000994";"2025-04-17";"14:35";"Thu";675
"ORD_00000995";"2025-05-16";"04:42";"Fri";676
"ORD_00000996";"2024-12-22";"16:29";"Sun";677
"ORD_00000997";"2024-07-10";"08:32";"Wed";678
"ORD_00000998";"2024-12-06";"08:52";"Fri";679
"ORD_00000999";"2024-12-01";"06:53";"Sun";680
"ORD_00001000";"2025-02-19";"07:18";"Wed";681
"ORD_00001001";"2024-10-12";"09:36";"Sat";682
"ORD_00001002";"2025-07-05";"14:30";"Sat";683
"ORD_00001003";"2025-08-17";"08:51";"Sun";684
"ORD_00001004";"2024-12-21";"13:03";"Sat";685
"ORD_00001005";"2025-12-21";"12:05";"Sun";620
"ORD_00001006";"2025-03-12";"04:32";"Wed";687
"ORD_00001007";"2025-10-16";"17:27";"Thu";688
"ORD_00001008";"2025-02-23";"08:00";"Sun";689
"ORD_00001009";"2025-11-25";"12:17";"Tue";219
"ORD_00001010";"2024-08-24";"23:02";"Sat";758
"ORD_00001011";"2024-07-01";"12:27";"Mon";759
"ORD_00001012";"2024-12-20";"08:53";"Fri";760
"ORD_00001013";"2025-02-17";"07:55";"Mon";761
"ORD_00001014";"2025-06-28";"16:03";"Sat";762
"ORD_00001015";"2024-09-27";"09:23";"Fri";767
"ORD_00001016";"2025-05-03";"14:21";"Sat";773
"ORD_00001017";"2024-09-11";"21:51";"Wed";471
"ORD_00001018";"2024-11-23";"18:52";"Sat";775
"ORD_00001019";"2025-05-09";"09:47";"Fri";776
"ORD_00001020";"2025-12-27";"04:26";"Sat";777
"ORD_00001021";"2025-05-02";"18:02";"Fri";778
"ORD_00001022";"2025-04-07";"07:12";"Mon";779
"ORD_00001023";"2024-03-02";"10:33";"Sat";780
"ORD_00001024";"2025-04-16";"14:26";"Wed";781
"ORD_00001025";"2024-08-08";"04:49";"Thu";782
"ORD_00001026";"2025-06-05";"17:34";"Thu";783
"ORD_00001027";"2024-02-01";"11:33";"Thu";785
"ORD_00001028";"2024-06-29";"15:04";"Sat";786
"ORD_00001029";"2024-07-18";"16:54";"Thu";788
"ORD_00001030";"2024-06-07";"09:24";"Fri";790
"ORD_00001031";"2024-05-14";"14:51";"Tue";793
"ORD_00001032";"2024-02-15";"18:24";"Thu";800
"ORD_00001033";"2025-06-25";"10:54";"Wed";803
"ORD_00001034";"2025-05-11";"08:11";"Sun";805
"ORD_00001035";"2025-01-20";"13:23";"Mon";806
"ORD_00001036";"2024-05-23";"13:04";"Thu";807
"ORD_00001037";"2025-06-15";"12:32";"Sun";808
"ORD_00001038";"2025-12-21";"18:13";"Sun";813
"ORD_00001039";"2024-10-05";"08:50";"Sat";815
"ORD_00001040";"2025-05-22";"15:31";"Thu";816
"ORD_00001041";"2024-08-26";"06:19";"Mon";817
"ORD_00001042";"2024-09-24";"10:45";"Tue";818
"ORD_00001043";"2024-04-03";"11:38";"Wed";819
"ORD_00001044";"2024-01-08";"11:24";"Mon";821
"ORD_00001045";"2024-06-30";"16:19";"Sun";823
"ORD_00001046";"2024-06-19";"12:39";"Wed";825
"ORD_00001047";"2025-07-20";"17:05";"Sun";833
"ORD_00001048";"2024-07-04";"13:53";"Thu";835
"ORD_00001049";"2025-04-04";"06:42";"Fri";837
"ORD_00001050";"2024-10-10";"01:55";"Thu";839
"ORD_00001051";"2025-10-09";"11:02";"Thu";840
"ORD_00001052";"2024-12-25";"15:56";"Wed";841
"ORD_00001053";"2024-11-15";"20:02";"Fri";842
"ORD_00001054";"2024-04-12";"16:21";"Fri";843
"ORD_00001055";"2024-06-02";"13:59";"Sun";675
"ORD_00001056";"2025-07-30";"09:15";"Wed";846
"ORD_00001057";"2025-05-31";"06:20";"Sat";848
"ORD_00001058";"2025-03-16";"06:19";"Sun";850
"ORD_00001059";"2025-10-10";"13:49";"Fri";852
"ORD_00001060";"2024-10-21";"10:47";"Mon";629
"ORD_00001061";"2024-12-22";"00:24";"Sun";889
"ORD_00001062";"2025-04-12";"16:02";"Sat";890
"ORD_00001063";"2024-01-22";"13:51";"Mon";892
"ORD_00001064";"2024-07-19";"13:18";"Fri";897
"ORD_00001065";"2024-06-17";"16:31";"Mon";899
"ORD_00001066";"2024-12-13";"10:43";"Fri";901
"ORD_00001067";"2025-04-25";"15:47";"Fri";903
"ORD_00001068";"2024-01-16";"13:22";"Tue";905
"ORD_00001069";"2025-03-10";"07:20";"Mon";907
"ORD_00001070";"2025-09-16";"06:50";"Tue";909
"ORD_00001071";"2024-06-03";"08:02";"Mon";913
"ORD_00001072";"2024-07-26";"07:20";"Fri";914
"ORD_00001073";"2024-03-11";"09:59";"Mon";915
"ORD_00001074";"2024-04-26";"12:35";"Fri";916
"ORD_00001075";"2025-07-10";"16:48";"Thu";917
"ORD_00001076";"2024-10-18";"16:24";"Fri";919
"ORD_00001077";"2024-02-18";"07:57";"Sun";921
"ORD_00001078";"2025-08-10";"08:50";"Sun";922
"ORD_00001079";"2024-05-27";"11:00";"Mon";923
"ORD_00001080";"2024-05-24";"09:21";"Fri";926
"ORD_00001081";"2024-05-05";"06:48";"Sun";928
"ORD_00001082";"2024-02-13";"16:49";"Tue";931
"ORD_00001083";"2025-07-29";"16:14";"Tue";933
"ORD_00001084";"2024-03-07";"07:44";"Thu";934
"ORD_00001085";"2024-12-28";"11:38";"Sat";988
"ORD_00001086";"2024-11-12";"22:07";"Tue";990
"ORD_00001087";"2024-11-21";"15:40";"Thu";992
"ORD_00001088";"2024-08-20";"07:26";"Tue";994
"ORD_00001089";"2024-03-21";"17:39";"Thu";996
"ORD_00001090";"2024-03-05";"19:16";"Tue";998
"ORD_00001091";"2025-06-03";"19:49";"Tue";1000
"ORD_00001092";"2024-03-29";"16:40";"Fri";1047
"ORD_00001093";"2025-11-08";"08:16";"Sat";1049
"ORD_00001094";"2025-11-21";"06:22";"Fri";1050
"ORD_00001095";"2025-01-25";"23:29";"Sat";1051
"ORD_00001096";"2024-10-14";"09:07";"Mon";1052
"ORD_00001097";"2024-04-10";"07:41";"Wed";1053
"ORD_00001098";"2025-06-19";"12:41";"Thu";1054
"ORD_00001099";"2024-04-16";"12:56";"Tue";1055
"ORD_00001100";"2025-12-01";"18:32";"Mon";1057
"ORD_00001101";"2024-06-23";"12:50";"Sun";1059
"ORD_00001102";"2025-03-20";"07:51";"Thu";1061
"ORD_00001103";"2025-08-26";"07:09";"Tue";1063
"ORD_00001104";"2024-08-23";"12:47";"Fri";1065
"ORD_00001105";"2025-07-22";"12:26";"Tue";1068
"ORD_00001106";"2025-07-25";"16:49";"Fri";1071
"ORD_00001107";"2024-06-28";"12:02";"Fri";1074
"ORD_00001108";"2025-04-10";"11:33";"Thu";1076
"ORD_00001109";"2024-03-13";"08:32";"Wed";1078
"ORD_00001110";"2025-10-10";"08:39";"Fri";20
"ORD_00001111";"2024-07-07";"20:50";"Sun";1082
"ORD_00001112";"2025-03-07";"08:49";"Fri";1083
"ORD_00001113";"2025-11-26";"12:06";"Wed";1085
"ORD_00001114";"2025-11-26";"12:04";"Wed";1087
"ORD_00001115";"2024-09-18";"12:00";"Wed";1089
"ORD_00001116";"2024-11-10";"08:28";"Sun";1091
"ORD_00001117";"2024-05-13";"07:51";"Mon";1093
"ORD_00001118";"2025-10-17";"14:21";"Fri";1095
"ORD_00001119";"2025-08-30";"06:26";"Sat";1097
"ORD_00001120";"2025-01-15";"11:53";"Wed";600
"ORD_00001121";"2025-06-21";"15:56";"Sat";1108
"ORD_00001122";"2025-12-15";"19:32";"Mon";1109
"ORD_00001123";"2024-10-02";"05:08";"Wed";1110
"ORD_00001124";"2024-06-26";"11:33";"Wed";1111
"ORD_00001125";"2025-02-24";"20:28";"Mon";1113
"ORD_00001126";"2024-08-07";"20:19";"Wed";1115
"ORD_00001127";"2024-11-22";"15:20";"Fri";1117
"ORD_00001128";"2025-05-29";"00:31";"Thu";1119
"ORD_00001129";"2025-08-25";"11:23";"Mon";1121
"ORD_00001130";"2024-08-05";"08:24";"Mon";1123
"ORD_00001131";"2024-12-11";"09:03";"Wed";1124
"ORD_00001132";"2024-01-30";"12:00";"Tue";1125
"ORD_00001133";"2024-03-22";"14:12";"Fri";1126
"ORD_00001134";"2024-04-03";"11:37";"Wed";1128
"ORD_00001135";"2025-04-14";"20:21";"Mon";1130
"ORD_00001136";"2025-01-16";"07:01";"Thu";1131
"ORD_00001137";"2024-02-21";"10:46";"Wed";1133
"ORD_00001138";"2024-04-20";"12:18";"Sat";564
"ORD_00001139";"2024-05-03";"16:24";"Fri";1135
"ORD_00001140";"2025-10-24";"17:38";"Fri";1137
"ORD_00001141";"2024-11-27";"22:45";"Wed";1138
"ORD_00001142";"2025-07-24";"17:48";"Thu";1139
"ORD_00001143";"2025-10-24";"11:04";"Fri";1140
"ORD_00001144";"2025-09-12";"19:31";"Fri";1141
"ORD_00001145";"2025-05-05";"17:24";"Mon";1142
"ORD_00001146";"2025-09-11";"16:01";"Thu";1143
"ORD_00001147";"2025-07-27";"18:13";"Sun";1144
"ORD_00001148";"2025-01-31";"08:24";"Fri";1145
"ORD_00001149";"2025-06-14";"12:30";"Sat";1146
"ORD_00001150";"2025-09-30";"15:57";"Tue";1147
"ORD_00001151";"2024-11-03";"11:23";"Sun";1148
"ORD_00001152";"2024-10-10";"07:30";"Thu";1149
"ORD_00001153";"2025-07-13";"01:28";"Sun";1150
"ORD_00001154";"2024-01-20";"15:43";"Sat";1151
"ORD_00001155";"2025-11-19";"07:41";"Wed";1152
"ORD_00001156";"2025-12-09";"13:30";"Tue";1153
"ORD_00001157";"2024-07-04";"06:25";"Thu";1154
"ORD_00001158";"2025-02-05";"07:35";"Wed";1155
"ORD_00001159";"2025-06-12";"14:39";"Thu";1156
"ORD_00001160";"2024-11-16";"11:49";"Sat";1157
"ORD_00001161";"2024-04-21";"08:08";"Sun";1158
"ORD_00001162";"2024-09-12";"17:39";"Thu";1159
"ORD_00001163";"2025-01-29";"04:15";"Wed";1160
"ORD_00001164";"2024-06-22";"19:38";"Sat";1161
"ORD_00001165";"2025-04-12";"19:40";"Sat";1162
"ORD_00001166";"2025-04-04";"16:30";"Fri";1163
"ORD_00001167";"2025-09-22";"17:27";"Mon";1165
"ORD_00001168";"2025-11-15";"10:26";"Sat";1174
"ORD_00001169";"2024-11-10";"07:34";"Sun";1176
"ORD_00001170";"2025-10-11";"07:16";"Sat";1178
"ORD_00001171";"2024-08-13";"14:03";"Tue";1179
"ORD_00001172";"2025-09-08";"14:04";"Mon";1180
"ORD_00001173";"2024-08-05";"07:21";"Mon";1181
"ORD_00001174";"2025-03-08";"21:42";"Sat";1182
"ORD_00001175";"2025-12-29";"23:18";"Mon";1183
"ORD_00001176";"2025-05-30";"08:05";"Fri";1184
"ORD_00001177";"2024-11-18";"16:42";"Mon";1185
"ORD_00001178";"2024-12-23";"06:39";"Mon";1186
"ORD_00001179";"2025-01-22";"09:17";"Wed";1187
"ORD_00001180";"2024-09-17";"04:20";"Tue";1189
"ORD_00001181";"2025-07-27";"19:30";"Sun";1194
"ORD_00001182";"2025-10-09";"13:48";"Thu";1196
"ORD_00001183";"2024-12-20";"15:45";"Fri";1198
"ORD_00001184";"2025-03-29";"09:59";"Sat";1200
"ORD_00001185";"2025-08-15";"07:01";"Fri";1201
"ORD_00001186";"2025-06-26";"18:50";"Thu";1203
"ORD_00001187";"2025-06-14";"08:28";"Sat";1205
"ORD_00001188";"2025-11-27";"13:49";"Thu";1207
"ORD_00001189";"2024-06-10";"09:26";"Mon";1190
"ORD_00001190";"2025-10-16";"06:34";"Thu";1210
"ORD_00001191";"2025-11-09";"11:56";"Sun";1212
"ORD_00001192";"2024-09-22";"04:25";"Sun";1214
"ORD_00001193";"2024-10-02";"16:52";"Wed";1216
"ORD_00001194";"2024-07-04";"00:04";"Thu";1218
"ORD_00001195";"2025-10-07";"10:51";"Tue";1220
"ORD_00001196";"2025-05-15";"11:01";"Thu";1223
"ORD_00001197";"2024-04-18";"05:15";"Thu";1228
"ORD_00001198";"2024-07-01";"17:14";"Mon";1230
"ORD_00001199";"2025-01-21";"16:24";"Tue";1232
"ORD_00001200";"2024-04-08";"17:15";"Mon";1234
"ORD_00001201";"2025-01-24";"11:02";"Fri";1236
"ORD_00001202";"2024-03-15";"18:10";"Fri";1237
"ORD_00001203";"2025-06-29";"08:39";"Sun";1238
"ORD_00001204";"2025-11-25";"11:55";"Tue";1239
"ORD_00001205";"2025-10-05";"15:25";"Sun";1240
"ORD_00001206";"2025-08-20";"17:01";"Wed";1241
"ORD_00001207";"2025-02-15";"08:45";"Sat";1242
"ORD_00001208";"2024-09-27";"17:01";"Fri";1254
"ORD_00001209";"2024-12-23";"19:29";"Mon";1256
"ORD_00001210";"2025-06-25";"19:13";"Wed";1258
"ORD_00001211";"2025-05-01";"12:05";"Thu";1260
"ORD_00001212";"2024-09-21";"16:47";"Sat";1262
"ORD_00001213";"2024-04-19";"17:05";"Fri";1264
"ORD_00001214";"2025-04-20";"09:53";"Sun";1266
"ORD_00001215";"2025-11-06";"18:54";"Thu";600
"ORD_00001216";"2025-10-31";"11:52";"Fri";1271
"ORD_00001217";"2024-11-10";"10:47";"Sun";1282
"ORD_00001218";"2024-10-25";"07:29";"Fri";1284
"ORD_00001219";"2025-05-08";"15:45";"Thu";1286
"ORD_00001220";"2025-11-15";"07:10";"Sat";1288
"ORD_00001221";"2025-10-23";"13:45";"Thu";1290
"ORD_00001222";"2025-11-14";"13:24";"Fri";1292
"ORD_00001223";"2024-03-18";"15:26";"Mon";1295
"ORD_00001224";"2025-06-01";"08:51";"Sun";1298
"ORD_00001225";"2024-07-08";"16:27";"Mon";1301
"ORD_00001226";"2024-07-16";"17:58";"Tue";1302
"ORD_00001227";"2025-08-04";"07:52";"Mon";1303
"ORD_00001228";"2024-09-11";"13:48";"Wed";1304
"ORD_00001229";"2025-05-17";"06:34";"Sat";1305
"ORD_00001230";"2024-08-29";"07:33";"Thu";1306
"ORD_00001231";"2025-12-27";"14:35";"Sat";1307
"ORD_00001232";"2024-04-14";"18:14";"Sun";1308
"ORD_00001233";"2024-08-16";"11:25";"Fri";1309
"ORD_00001234";"2024-07-05";"11:21";"Fri";1243
"ORD_00001235";"2025-05-03";"13:04";"Sat";1020
"ORD_00001236";"2024-01-30";"08:29";"Tue";96
"ORD_00001237";"2024-02-14";"09:33";"Wed";1315
"ORD_00001238";"2025-03-22";"06:29";"Sat";1329
"ORD_00001239";"2025-01-06";"07:16";"Mon";1331
"ORD_00001240";"2024-09-11";"07:23";"Wed";1333
"ORD_00001241";"2024-04-21";"16:41";"Sun";380
"ORD_00001242";"2025-08-13";"13:53";"Wed";1337
"ORD_00001243";"2024-04-11";"15:43";"Thu";1339
"ORD_00001244";"2024-07-18";"12:21";"Thu";1341
"ORD_00001245";"2024-01-15";"18:16";"Mon";1343
"ORD_00001246";"2024-09-24";"05:25";"Tue";1345
"ORD_00001247";"2024-11-25";"11:16";"Mon";1347
"ORD_00001248";"2025-03-05";"17:20";"Wed";1350
"ORD_00001249";"2025-06-22";"17:55";"Sun";1352
"ORD_00001250";"2025-02-10";"12:34";"Mon";1386
"ORD_00001251";"2025-04-10";"23:00";"Thu";1389
"ORD_00001252";"2025-04-23";"17:37";"Wed";1400
"ORD_00001253";"2024-03-01";"13:35";"Fri";1403
"ORD_00001254";"2025-08-31";"17:44";"Sun";1405
"ORD_00001255";"2025-02-03";"13:45";"Mon";595
"ORD_00001256";"2024-02-24";"09:05";"Sat";1409
"ORD_00001257";"2025-06-11";"11:09";"Wed";1412
"ORD_00001258";"2024-01-28";"06:38";"Sun";1415
"ORD_00001259";"2025-08-22";"10:17";"Fri";1417
"ORD_00001260";"2024-12-01";"11:36";"Sun";1432
"ORD_00001261";"2024-10-08";"15:06";"Tue";1434
"ORD_00001262";"2024-10-13";"13:32";"Sun";1436
"ORD_00001263";"2025-03-06";"13:11";"Thu";1438
"ORD_00001264";"2024-02-27";"14:01";"Tue";1441
"ORD_00001265";"2025-11-11";"20:42";"Tue";679
"ORD_00001266";"2025-10-13";"15:23";"Mon";1477
"ORD_00001267";"2024-05-10";"14:07";"Fri";1446
"ORD_00001268";"2024-01-05";"11:02";"Fri";1482
"ORD_00001269";"2024-10-02";"07:44";"Wed";1484
"ORD_00001270";"2024-10-22";"12:31";"Tue";1486
"ORD_00001271";"2024-01-31";"14:38";"Wed";1516
"ORD_00001272";"2025-11-22";"11:40";"Sat";1518
"ORD_00001273";"2025-07-31";"09:55";"Thu";1520
"ORD_00001274";"2025-01-22";"12:30";"Wed";1523
"ORD_00001275";"2025-07-07";"19:56";"Mon";1526
"ORD_00001276";"2025-04-29";"17:32";"Tue";1529
"ORD_00001277";"2025-09-28";"08:28";"Sun";1531
"ORD_00001278";"2024-11-14";"06:44";"Thu";1533
"ORD_00001279";"2024-03-08";"14:54";"Fri";1536
"ORD_00001280";"2024-10-13";"09:36";"Sun";1550
"ORD_00001281";"2025-11-14";"08:39";"Fri";1553
"ORD_00001282";"2025-03-28";"15:24";"Fri";1560
"ORD_00001283";"2024-12-05";"17:33";"Thu";1070
"ORD_00001284";"2024-07-29";"08:38";"Mon";1562
"ORD_00001285";"2025-10-09";"10:25";"Thu";1575
"ORD_00001286";"2024-02-27";"09:43";"Tue";1578
"ORD_00001287";"2025-07-31";"15:53";"Thu";1580
"ORD_00001288";"2025-05-16";"09:54";"Fri";1591
"ORD_00001289";"2025-03-28";"09:48";"Fri";1594
"ORD_00001290";"2025-04-06";"12:15";"Sun";1596
"ORD_00001291";"2024-09-24";"08:47";"Tue";1598
"ORD_00001292";"2025-05-26";"09:53";"Mon";1600
"ORD_00001293";"2024-10-16";"09:58";"Wed";1614
"ORD_00001294";"2024-05-12";"13:02";"Sun";1617
"ORD_00001295";"2024-10-13";"08:13";"Sun";1620
"ORD_00001296";"2024-03-16";"09:17";"Sat";1622
"ORD_00001297";"2025-01-03";"09:06";"Fri";832
"ORD_00001298";"2025-10-27";"06:08";"Mon";1628
"ORD_00001299";"2025-02-01";"12:10";"Sat";1630
"ORD_00001300";"2024-02-06";"17:16";"Tue";1633
"ORD_00001301";"2025-09-19";"06:14";"Fri";1635
"ORD_00001302";"2025-05-18";"08:32";"Sun";1637
"ORD_00001303";"2025-01-14";"10:32";"Tue";1644
"ORD_00001304";"2025-07-27";"16:37";"Sun";1652
"ORD_00001305";"2024-01-04";"07:33";"Thu";1654
"ORD_00001306";"2025-01-14";"08:56";"Tue";549
"ORD_00001307";"2025-09-18";"09:38";"Thu";1658
"ORD_00001308";"2025-12-29";"17:47";"Mon";379
"ORD_00001309";"2025-08-10";"08:04";"Sun";1662
"ORD_00001310";"2024-09-04";"08:48";"Wed";1665
"ORD_00001311";"2024-06-06";"06:53";"Thu";1667
"ORD_00001312";"2024-10-03";"20:07";"Thu";1669
"ORD_00001313";"2024-09-02";"07:18";"Mon";1670
"ORD_00001314";"2025-07-11";"19:10";"Fri";659
"ORD_00001315";"2024-08-23";"19:21";"Fri";1680
"ORD_00001316";"2025-02-21";"15:17";"Fri";1696
"ORD_00001317";"2025-01-06";"11:37";"Mon";1699
"ORD_00001318";"2024-08-31";"06:15";"Sat";1702
"ORD_00001319";"2024-03-11";"15:26";"Mon";1705
"ORD_00001320";"2025-12-25";"12:30";"Thu";1736
"ORD_00001321";"2025-08-31";"08:10";"Sun";1739
"ORD_00001322";"2024-11-29";"06:32";"Fri";1326
"ORD_00001323";"2024-02-13";"17:18";"Tue";1745
"ORD_00001324";"2024-09-14";"07:09";"Sat";1754
"ORD_00001325";"2024-12-22";"17:41";"Sun";1756
"ORD_00001326";"2024-07-20";"08:22";"Sat";1773
"ORD_00001327";"2025-10-01";"19:23";"Wed";240
"ORD_00001328";"2025-07-28";"15:21";"Mon";1778
"ORD_00001329";"2025-12-15";"07:47";"Mon";1732
"ORD_00001330";"2025-05-30";"13:19";"Fri";1780
"ORD_00001331";"2025-07-14";"13:17";"Mon";1781
"ORD_00001332";"2024-05-22";"07:53";"Wed";1782
"ORD_00001333";"2025-10-12";"14:51";"Sun";1783
"ORD_00001334";"2024-07-01";"09:26";"Mon";1785
"ORD_00001335";"2025-08-06";"05:41";"Wed";1797
"ORD_00001336";"2024-06-23";"11:17";"Sun";1811
"ORD_00001337";"2024-08-18";"17:46";"Sun";817
"ORD_00001338";"2024-07-31";"17:53";"Wed";1821
"ORD_00001339";"2025-02-25";"06:43";"Tue";1822
"ORD_00001340";"2024-06-16";"16:11";"Sun";1823
"ORD_00001341";"2025-03-24";"11:27";"Mon";1826
"ORD_00001342";"2024-01-31";"21:47";"Wed";1828
"ORD_00001343";"2025-06-20";"17:18";"Fri";1830
"ORD_00001344";"2024-01-21";"15:41";"Sun";1832
"ORD_00001345";"2025-12-05";"07:12";"Fri";1834
"ORD_00001346";"2024-10-23";"03:26";"Wed";1837
"ORD_00001347";"2024-12-22";"06:51";"Sun";1840
"ORD_00001348";"2025-03-31";"03:27";"Mon";1844
"ORD_00001349";"2024-05-03";"04:22";"Fri";1845
"ORD_00001350";"2024-04-17";"12:07";"Wed";1846
"ORD_00001351";"2025-09-23";"07:23";"Tue";737
"ORD_00001352";"2025-05-25";"08:44";"Sun";1848
"ORD_00001353";"2025-03-25";"07:00";"Tue";1849
"ORD_00001354";"2025-03-23";"04:33";"Sun";1850
"ORD_00001355";"2024-02-09";"16:26";"Fri";1851
"ORD_00001356";"2025-12-23";"13:06";"Tue";1852
"ORD_00001357";"2025-04-07";"15:39";"Mon";1853
"ORD_00001358";"2024-11-09";"11:57";"Sat";1471
"ORD_00001359";"2024-12-04";"07:45";"Wed";1855
"ORD_00001360";"2025-02-07";"11:38";"Fri";1857
"ORD_00001361";"2025-12-16";"14:08";"Tue";1858
"ORD_00001362";"2025-01-29";"12:42";"Wed";434
"ORD_00001363";"2025-10-10";"13:14";"Fri";1862
"ORD_00001364";"2024-07-03";"07:35";"Wed";1863
"ORD_00001365";"2024-06-03";"17:58";"Mon";1864
"ORD_00001366";"2025-03-04";"14:58";"Tue";1866
"ORD_00001367";"2024-01-28";"14:39";"Sun";1871
"ORD_00001368";"2025-03-03";"04:33";"Mon";756
"ORD_00001369";"2025-03-14";"14:31";"Fri";1875
"ORD_00001370";"2025-07-15";"14:03";"Tue";2046
"ORD_00001371";"2025-03-17";"09:23";"Mon";2052
"ORD_00001372";"2024-03-08";"08:26";"Fri";2056
"ORD_00001373";"2024-04-04";"05:25";"Thu";2059
"ORD_00001374";"2025-06-18";"07:31";"Wed";2061
"ORD_00001375";"2025-05-04";"06:07";"Sun";2062
"ORD_00001376";"2024-07-22";"11:41";"Mon";2063
"ORD_00001377";"2024-09-10";"06:34";"Tue";2064
"ORD_00001378";"2025-01-03";"11:54";"Fri";2065
"ORD_00001379";"2024-10-18";"15:31";"Fri";2066
"ORD_00001380";"2024-01-27";"16:45";"Sat";2069
"ORD_00001381";"2024-09-20";"07:15";"Fri";2071
"ORD_00001382";"2025-07-01";"11:33";"Tue";2074
"ORD_00001383";"2024-02-19";"08:38";"Mon";2077
"ORD_00001384";"2024-05-24";"11:41";"Fri";2087
"ORD_00001385";"2024-02-08";"16:50";"Thu";2088
"ORD_00001386";"2024-04-03";"09:09";"Wed";2090
"ORD_00001387";"2024-08-10";"13:57";"Sat";2093
"ORD_00001388";"2024-08-26";"12:11";"Mon";2110
"ORD_00001389";"2025-11-23";"17:42";"Sun";974
"ORD_00001390";"2025-04-24";"11:14";"Thu";2116
"ORD_00001391";"2024-01-14";"15:01";"Sun";2119
"ORD_00001392";"2024-11-20";"19:05";"Wed";2127
"ORD_00001393";"2024-02-15";"19:26";"Thu";2130
"ORD_00001394";"2024-05-12";"07:19";"Sun";2132
"ORD_00001395";"2024-02-12";"08:40";"Mon";2134
"ORD_00001396";"2024-07-22";"12:57";"Mon";1164
"ORD_00001397";"2025-06-27";"08:38";"Fri";1166
"ORD_00001398";"2024-12-18";"07:04";"Wed";1168
"ORD_00001399";"2025-12-23";"05:18";"Tue";1169
"ORD_00001400";"2024-09-01";"14:14";"Sun";1171
"ORD_00001401";"2024-03-30";"09:48";"Sat";661
"ORD_00001402";"2024-12-24";"15:09";"Tue";1175
"ORD_00001403";"2024-03-01";"09:43";"Fri";1177
"ORD_00001404";"2024-11-22";"09:47";"Fri";1243
"ORD_00001405";"2025-02-02";"11:13";"Sun";1245
"ORD_00001406";"2024-06-02";"11:14";"Sun";1246
"ORD_00001407";"2024-09-27";"15:44";"Fri";1248
"ORD_00001408";"2025-04-30";"09:31";"Wed";1251
"ORD_00001409";"2024-11-09";"06:24";"Sat";1269
"ORD_00001410";"2024-12-03";"18:43";"Tue";1273
"ORD_00001411";"2025-05-05";"12:30";"Mon";1275
"ORD_00001412";"2025-11-05";"07:17";"Wed";1291
"ORD_00001413";"2024-07-04";"11:21";"Thu";1294
"ORD_00001414";"2024-09-21";"09:52";"Sat";1297
"ORD_00001415";"2025-11-03";"09:25";"Mon";1300
"ORD_00001416";"2025-02-11";"08:55";"Tue";1312
"ORD_00001417";"2025-01-29";"15:29";"Wed";1326
"ORD_00001418";"2025-06-15";"15:55";"Sun";1330
"ORD_00001419";"2024-01-26";"16:14";"Fri";1332
"ORD_00001420";"2024-10-14";"17:51";"Mon";1334
"ORD_00001421";"2025-10-04";"12:44";"Sat";1184
"ORD_00001422";"2024-06-27";"08:42";"Thu";1338
"ORD_00001423";"2024-12-15";"19:05";"Sun";1340
"ORD_00001424";"2024-08-28";"11:05";"Wed";1342
"ORD_00001425";"2024-04-30";"06:44";"Tue";1344
"ORD_00001426";"2025-07-12";"10:46";"Sat";1348
"ORD_00001427";"2025-08-06";"07:29";"Wed";1307
"ORD_00001428";"2025-12-04";"11:02";"Thu";1353
"ORD_00001429";"2025-04-12";"13:21";"Sat";1354
"ORD_00001430";"2024-07-12";"05:39";"Fri";1355
"ORD_00001431";"2024-04-08";"11:55";"Mon";1356
"ORD_00001432";"2024-03-27";"17:21";"Wed";1357
"ORD_00001433";"2025-09-12";"11:42";"Fri";1358
"ORD_00001434";"2024-10-30";"07:25";"Wed";1359
"ORD_00001435";"2024-03-31";"15:11";"Sun";1360
"ORD_00001436";"2025-08-25";"06:37";"Mon";1361
"ORD_00001437";"2025-03-14";"11:23";"Fri";863
"ORD_00001438";"2025-02-01";"09:23";"Sat";1363
"ORD_00001439";"2025-03-19";"08:32";"Wed";1364
"ORD_00001440";"2025-11-08";"17:01";"Sat";1365
"ORD_00001441";"2024-01-24";"10:45";"Wed";1366
"ORD_00001442";"2024-06-28";"06:53";"Fri";1367
"ORD_00001443";"2024-03-02";"12:10";"Sat";1368
"ORD_00001444";"2025-09-21";"07:37";"Sun";1369
"ORD_00001445";"2025-11-13";"18:49";"Thu";1370
"ORD_00001446";"2024-03-03";"12:48";"Sun";1371
"ORD_00001447";"2025-11-29";"01:20";"Sat";1372
"ORD_00001448";"2024-10-07";"16:57";"Mon";1373
"ORD_00001449";"2024-12-18";"18:07";"Wed";1374
"ORD_00001450";"2025-09-02";"13:06";"Tue";1375
"ORD_00001451";"2025-03-02";"06:41";"Sun";1376
"ORD_00001452";"2025-08-06";"10:57";"Wed";1377
"ORD_00001453";"2025-11-08";"09:52";"Sat";1378
"ORD_00001454";"2025-09-14";"07:17";"Sun";1379
"ORD_00001455";"2025-10-07";"09:51";"Tue";1380
"ORD_00001456";"2025-11-24";"07:19";"Mon";292
"ORD_00001457";"2025-05-22";"08:38";"Thu";1385
"ORD_00001458";"2024-08-03";"14:36";"Sat";1390
"ORD_00001459";"2024-03-23";"16:06";"Sat";1393
"ORD_00001460";"2025-12-11";"16:04";"Thu";1397
"ORD_00001461";"2024-12-06";"21:58";"Fri";1419
"ORD_00001462";"2024-01-15";"08:37";"Mon";1421
"ORD_00001463";"2024-11-28";"12:40";"Thu";1423
"ORD_00001464";"2024-03-25";"11:48";"Mon";1425
"ORD_00001465";"2024-03-04";"09:44";"Mon";1427
"ORD_00001466";"2025-10-31";"13:44";"Fri";1429
"ORD_00001467";"2024-02-04";"06:56";"Sun";1444
"ORD_00001468";"2024-05-18";"16:47";"Sat";1457
"ORD_00001469";"2024-11-30";"09:20";"Sat";1460
"ORD_00001470";"2025-11-10";"06:09";"Mon";1463
"ORD_00001471";"2025-11-08";"06:12";"Sat";1465
"ORD_00001472";"2024-06-10";"12:14";"Mon";1467
"ORD_00001473";"2025-02-26";"10:50";"Wed";1469
"ORD_00001474";"2024-08-12";"07:13";"Mon";1471
"ORD_00001475";"2024-07-10";"11:15";"Wed";1474
"ORD_00001476";"2024-06-22";"08:25";"Sat";1476
"ORD_00001477";"2025-08-08";"14:55";"Fri";1479
"ORD_00001478";"2025-06-21";"20:10";"Sat";1491
"ORD_00001479";"2025-05-17";"05:32";"Sat";1493
"ORD_00001480";"2025-04-16";"20:22";"Wed";1495
"ORD_00001481";"2024-12-31";"12:37";"Tue";1497
"ORD_00001482";"2024-11-08";"07:35";"Fri";1499
"ORD_00001483";"2024-03-18";"18:39";"Mon";1502
"ORD_00001484";"2024-12-09";"05:40";"Mon";1505
"ORD_00001485";"2024-08-20";"07:23";"Tue";1506
"ORD_00001486";"2024-11-05";"06:27";"Tue";1508
"ORD_00001487";"2025-11-10";"17:21";"Mon";1510
"ORD_00001488";"2025-07-30";"06:19";"Wed";1513
"ORD_00001489";"2025-02-16";"15:22";"Sun";1515
"ORD_00001490";"2024-10-23";"15:50";"Wed";1534
"ORD_00001491";"2024-04-25";"19:28";"Thu";1537
"ORD_00001492";"2024-04-07";"07:02";"Sun";1540
"ORD_00001493";"2025-01-13";"07:44";"Mon";1543
"ORD_00001494";"2024-08-05";"16:14";"Mon";1546
"ORD_00001495";"2025-02-27";"08:19";"Thu";1563
"ORD_00001496";"2024-04-30";"06:07";"Tue";1564
"ORD_00001497";"2025-06-12";"09:23";"Thu";1582
"ORD_00001498";"2025-07-04";"09:32";"Fri";1584
"ORD_00001499";"2024-01-27";"12:22";"Sat";1587
"ORD_00001500";"2024-09-21";"17:33";"Sat";1488
"ORD_00001501";"2025-03-28";"08:14";"Fri";1592
"ORD_00001502";"2024-04-29";"23:29";"Mon";1610
"ORD_00001503";"2024-10-22";"17:29";"Tue";1612
"ORD_00001504";"2025-10-19";"15:15";"Sun";1615
"ORD_00001505";"2024-08-06";"08:52";"Tue";1619
"ORD_00001506";"2025-09-07";"05:29";"Sun";897
"ORD_00001507";"2024-01-28";"09:13";"Sun";1627
"ORD_00001508";"2025-10-15";"13:06";"Wed";1631
"ORD_00001509";"2025-10-03";"09:41";"Fri";1641
"ORD_00001510";"2025-02-17";"07:41";"Mon";1643
"ORD_00001511";"2024-01-25";"07:09";"Thu";1646
"ORD_00001512";"2025-12-04";"07:03";"Thu";1648
"ORD_00001513";"2024-09-01";"05:36";"Sun";1338
"ORD_00001514";"2025-03-08";"10:00";"Sat";1650
"ORD_00001515";"2024-09-16";"18:33";"Mon";1651
"ORD_00001516";"2024-02-04";"15:51";"Sun";1653
"ORD_00001517";"2024-09-07";"16:09";"Sat";1655
"ORD_00001518";"2025-08-13";"16:56";"Wed";1657
"ORD_00001519";"2024-07-02";"08:11";"Tue";1659
"ORD_00001520";"2024-09-16";"07:29";"Mon";178
"ORD_00001521";"2025-02-11";"07:46";"Tue";1663
"ORD_00001522";"2025-05-29";"20:57";"Thu";1664
"ORD_00001523";"2024-06-03";"15:37";"Mon";1666
"ORD_00001524";"2024-01-31";"08:33";"Wed";1672
"ORD_00001525";"2024-06-22";"08:07";"Sat";1674
"ORD_00001526";"2024-02-27";"13:30";"Tue";1676
"ORD_00001527";"2025-04-29";"16:19";"Tue";674
"ORD_00001528";"2025-08-24";"08:05";"Sun";947
"ORD_00001529";"2024-02-03";"10:59";"Sat";1685
"ORD_00001530";"2025-11-14";"16:25";"Fri";1687
"ORD_00001531";"2025-08-30";"06:37";"Sat";1688
"ORD_00001532";"2024-04-28";"11:04";"Sun";1689
"ORD_00001533";"2024-03-20";"07:37";"Wed";1691
"ORD_00001534";"2024-09-20";"09:34";"Fri";1692
"ORD_00001535";"2025-11-16";"11:10";"Sun";1694
"ORD_00001536";"2024-01-15";"08:27";"Mon";1181
"ORD_00001537";"2025-02-05";"11:13";"Wed";1700
"ORD_00001538";"2024-01-25";"10:33";"Thu";1703
"ORD_00001539";"2025-01-08";"16:31";"Wed";1708
"ORD_00001540";"2024-08-15";"05:57";"Thu";1711
"ORD_00001541";"2024-06-28";"12:37";"Fri";1714
"ORD_00001542";"2025-03-02";"08:31";"Sun";1717
"ORD_00001543";"2024-11-12";"07:48";"Tue";1718
"ORD_00001544";"2025-10-07";"13:06";"Tue";1719
"ORD_00001545";"2025-07-28";"05:34";"Mon";1721
"ORD_00001546";"2024-12-03";"08:19";"Tue";1724
"ORD_00001547";"2024-07-02";"15:30";"Tue";1728
"ORD_00001548";"2025-08-15";"10:55";"Fri";1731
"ORD_00001549";"2025-12-20";"10:52";"Sat";1749
"ORD_00001550";"2024-08-18";"09:06";"Sun";317
"ORD_00001551";"2025-02-08";"14:25";"Sat";1755
"ORD_00001552";"2024-06-07";"14:29";"Fri";1757
"ORD_00001553";"2024-08-10";"16:59";"Sat";1759
"ORD_00001554";"2025-03-06";"18:55";"Thu";1761
"ORD_00001555";"2025-03-29";"17:37";"Sat";1050
"ORD_00001556";"2024-04-16";"16:43";"Tue";1766
"ORD_00001557";"2024-04-16";"07:38";"Tue";1768
"ORD_00001558";"2024-05-28";"08:11";"Tue";1770
"ORD_00001559";"2024-04-04";"11:32";"Thu";1772
"ORD_00001560";"2025-11-08";"09:02";"Sat";1164
"ORD_00001561";"2024-11-01";"11:01";"Fri";1788
"ORD_00001562";"2024-08-18";"14:18";"Sun";1825
"ORD_00001563";"2024-07-19";"08:51";"Fri";1105
"ORD_00001564";"2024-06-19";"12:57";"Wed";1838
"ORD_00001565";"2025-10-22";"12:36";"Wed";1856
"ORD_00001566";"2025-07-24";"11:43";"Thu";1857
"ORD_00001567";"2024-10-27";"15:23";"Sun";420
"ORD_00001568";"2024-04-23";"12:27";"Tue";1865
"ORD_00001569";"2025-04-08";"08:14";"Tue";1867
"ORD_00001570";"2025-03-03";"08:00";"Mon";1868
"ORD_00001571";"2024-01-01";"16:19";"Mon";1869
"ORD_00001572";"2025-07-21";"06:05";"Mon";1870
"ORD_00001573";"2024-11-17";"18:28";"Sun";1872
"ORD_00001574";"2024-05-27";"18:38";"Mon";1874
"ORD_00001575";"2024-10-29";"06:07";"Tue";1876
"ORD_00001576";"2024-10-15";"10:21";"Tue";1877
"ORD_00001577";"2024-03-04";"19:48";"Mon";1878
"ORD_00001578";"2024-07-13";"16:11";"Sat";1879
"ORD_00001579";"2025-01-02";"08:59";"Thu";901
"ORD_00001580";"2025-02-05";"12:32";"Wed";1881
"ORD_00001581";"2024-07-19";"11:26";"Fri";1882
"ORD_00001582";"2025-10-14";"09:13";"Tue";1883
"ORD_00001583";"2025-05-29";"12:21";"Thu";1884
"ORD_00001584";"2025-12-12";"12:20";"Fri";1885
"ORD_00001585";"2025-08-02";"06:57";"Sat";1886
"ORD_00001586";"2025-04-18";"05:25";"Fri";1887
"ORD_00001587";"2024-06-11";"19:23";"Tue";1888
"ORD_00001588";"2024-08-25";"10:52";"Sun";1889
"ORD_00001589";"2024-01-29";"14:37";"Mon";1890
"ORD_00001590";"2024-10-14";"17:14";"Mon";1891
"ORD_00001591";"2024-05-22";"07:09";"Wed";1893
"ORD_00001592";"2024-04-05";"09:04";"Fri";1895
"ORD_00001593";"2024-09-03";"09:08";"Tue";1902
"ORD_00001594";"2024-10-16";"10:34";"Wed";560
"ORD_00001595";"2024-11-10";"13:34";"Sun";1906
"ORD_00001596";"2024-10-28";"06:08";"Mon";1908
"ORD_00001597";"2024-02-12";"08:37";"Mon";1916
"ORD_00001598";"2024-07-27";"18:12";"Sat";1918
"ORD_00001599";"2024-04-23";"18:29";"Tue";1920
"ORD_00001600";"2025-03-20";"10:01";"Thu";1922
"ORD_00001601";"2025-11-22";"14:07";"Sat";1923
"ORD_00001602";"2025-02-12";"12:56";"Wed";1924
"ORD_00001603";"2024-11-20";"11:56";"Wed";1926
"ORD_00001604";"2025-04-07";"07:18";"Mon";1931
"ORD_00001605";"2025-12-20";"07:32";"Sat";1932
"ORD_00001606";"2024-02-15";"09:38";"Thu";1636
"ORD_00001607";"2025-08-13";"13:15";"Wed";1934
"ORD_00001608";"2025-06-16";"07:58";"Mon";1935
"ORD_00001609";"2025-08-13";"07:19";"Wed";1936
"ORD_00001610";"2024-01-02";"07:04";"Tue";1937
"ORD_00001611";"2024-11-13";"16:35";"Wed";1938
"ORD_00001612";"2024-07-12";"20:00";"Fri";1939
"ORD_00001613";"2025-10-04";"09:16";"Sat";1940
"ORD_00001614";"2024-02-23";"15:06";"Fri";1942
"ORD_00001615";"2024-12-15";"11:38";"Sun";1948
"ORD_00001616";"2025-09-13";"06:48";"Sat";1949
"ORD_00001617";"2025-03-23";"11:27";"Sun";1950
"ORD_00001618";"2025-08-13";"07:23";"Wed";1951
"ORD_00001619";"2024-06-24";"07:37";"Mon";1953
"ORD_00001620";"2024-11-01";"08:48";"Fri";1955
"ORD_00001621";"2024-06-28";"18:52";"Fri";1956
"ORD_00001622";"2025-08-20";"12:26";"Wed";1957
"ORD_00001623";"2025-02-09";"19:03";"Sun";1958
"ORD_00001624";"2025-09-23";"14:20";"Tue";1959
"ORD_00001625";"2025-09-24";"20:31";"Wed";1961
"ORD_00001626";"2024-08-13";"19:24";"Tue";1963
"ORD_00001627";"2025-10-06";"11:00";"Mon";1964
"ORD_00001628";"2025-08-17";"12:11";"Sun";1965
"ORD_00001629";"2024-04-08";"08:46";"Mon";1966
"ORD_00001630";"2024-10-09";"14:21";"Wed";1967
"ORD_00001631";"2025-11-07";"07:32";"Fri";1968
"ORD_00001632";"2025-10-22";"09:22";"Wed";1969
"ORD_00001633";"2025-08-08";"07:00";"Fri";1971
"ORD_00001634";"2024-10-21";"06:05";"Mon";1973
"ORD_00001635";"2025-11-16";"17:20";"Sun";1975
"ORD_00001636";"2025-10-26";"14:57";"Sun";1976
"ORD_00001637";"2024-10-24";"08:43";"Thu";1978
"ORD_00001638";"2025-06-10";"16:56";"Tue";1979
"ORD_00001639";"2024-12-02";"11:20";"Mon";1189
"ORD_00001640";"2025-04-22";"17:48";"Tue";1983
"ORD_00001641";"2025-11-17";"14:05";"Mon";1984
"ORD_00001642";"2024-07-28";"16:35";"Sun";1986
"ORD_00001643";"2025-12-10";"11:03";"Wed";1988
"ORD_00001644";"2024-09-14";"12:42";"Sat";1990
"ORD_00001645";"2024-03-19";"15:22";"Tue";1992
"ORD_00001646";"2025-04-25";"09:49";"Fri";1994
"ORD_00001647";"2025-01-02";"07:30";"Thu";1207
"ORD_00001648";"2025-06-25";"11:45";"Wed";1999
"ORD_00001649";"2025-04-29";"15:14";"Tue";2000
"ORD_00001650";"2025-03-28";"06:57";"Fri";2001
"ORD_00001651";"2025-05-11";"08:32";"Sun";2002
"ORD_00001652";"2025-06-03";"07:03";"Tue";2003
"ORD_00001653";"2025-06-11";"06:31";"Wed";2004
"ORD_00001654";"2024-05-24";"05:18";"Fri";449
"ORD_00001655";"2024-04-09";"07:17";"Tue";2008
"ORD_00001656";"2025-05-21";"16:15";"Wed";2010
"ORD_00001657";"2024-06-23";"14:36";"Sun";2012
"ORD_00001658";"2024-02-18";"07:10";"Sun";2015
"ORD_00001659";"2024-03-24";"08:11";"Sun";2020
"ORD_00001660";"2024-10-01";"06:08";"Tue";2023
"ORD_00001661";"2025-08-11";"10:53";"Mon";2027
"ORD_00001662";"2025-01-21";"08:38";"Tue";2030
"ORD_00001663";"2024-10-19";"17:33";"Sat";2031
"ORD_00001664";"2024-10-28";"11:22";"Mon";2040
"ORD_00001665";"2024-04-20";"22:43";"Sat";2045
"ORD_00001666";"2024-11-08";"08:16";"Fri";2049
"ORD_00001667";"2025-06-07";"09:45";"Sat";2053
"ORD_00001668";"2024-08-31";"18:16";"Sat";2058
"ORD_00001669";"2025-09-15";"16:44";"Mon";2060
"ORD_00001670";"2025-03-27";"23:47";"Thu";2073
"ORD_00001671";"2024-07-27";"22:00";"Sat";2076
"ORD_00001672";"2025-04-11";"20:54";"Fri";2080
"ORD_00001673";"2025-03-15";"14:54";"Sat";2082
"ORD_00001674";"2024-08-19";"19:13";"Mon";2095
"ORD_00001675";"2025-11-29";"11:22";"Sat";2096
"ORD_00001676";"2025-01-13";"08:49";"Mon";2098
"ORD_00001677";"2025-11-15";"12:45";"Sat";1394
"ORD_00001678";"2025-07-27";"16:45";"Sun";2103
"ORD_00001679";"2024-12-13";"18:20";"Fri";2115
"ORD_00001680";"2024-01-13";"11:40";"Sat";2118
"ORD_00001681";"2024-02-02";"07:40";"Fri";2177
"ORD_00001682";"2024-01-04";"08:14";"Thu";2181
"ORD_00001683";"2025-05-12";"12:01";"Mon";2185
"ORD_00001684";"2024-02-21";"19:04";"Wed";2198
"ORD_00001685";"2024-10-24";"07:17";"Thu";2202
"ORD_00001686";"2025-07-07";"09:52";"Mon";2205
"ORD_00001687";"2024-02-27";"10:54";"Tue";2208
"ORD_00001688";"2024-03-01";"11:24";"Fri";2211
"ORD_00001689";"2024-01-20";"05:02";"Sat";2214
"ORD_00001690";"2025-10-20";"19:30";"Mon";2216
"ORD_00001691";"2025-02-01";"09:04";"Sat";2218
"ORD_00001692";"2024-12-04";"17:08";"Wed";2227
"ORD_00001693";"2025-01-24";"06:09";"Fri";2230
"ORD_00001694";"2024-06-05";"14:10";"Wed";2233
"ORD_00001695";"2024-08-15";"08:24";"Thu";1030
"ORD_00001696";"2024-08-18";"07:21";"Sun";1957
"ORD_00001697";"2025-03-23";"22:16";"Sun";2249
"ORD_00001698";"2025-10-21";"06:19";"Tue";2251
"ORD_00001699";"2025-01-03";"07:02";"Fri";2254
"ORD_00001700";"2025-09-24";"08:05";"Wed";2257
"ORD_00001701";"2024-08-15";"13:58";"Thu";2260
"ORD_00001702";"2024-04-04";"13:11";"Thu";2262
"ORD_00001703";"2025-11-23";"06:01";"Sun";275
"ORD_00001704";"2025-06-08";"12:33";"Sun";2275
"ORD_00001705";"2025-10-10";"08:16";"Fri";2277
"ORD_00001706";"2024-10-26";"07:46";"Sat";1188
"ORD_00001707";"2025-05-03";"12:51";"Sat";1190
"ORD_00001708";"2025-04-08";"15:58";"Tue";1191
"ORD_00001709";"2025-06-26";"12:21";"Thu";1192
"ORD_00001710";"2024-08-15";"18:57";"Thu";1193
"ORD_00001711";"2024-06-24";"07:21";"Mon";1195
"ORD_00001712";"2025-09-19";"16:55";"Fri";1197
"ORD_00001713";"2024-02-12";"07:11";"Mon";1199
"ORD_00001714";"2024-04-20";"10:50";"Sat";1202
"ORD_00001715";"2024-01-15";"11:33";"Mon";1204
"ORD_00001716";"2024-03-13";"13:02";"Wed";1206
"ORD_00001717";"2025-06-25";"13:06";"Wed";101
"ORD_00001718";"2024-04-18";"07:40";"Thu";1211
"ORD_00001719";"2024-02-14";"19:05";"Wed";1213
"ORD_00001720";"2025-06-09";"11:04";"Mon";614
"ORD_00001721";"2024-12-12";"06:33";"Thu";1217
"ORD_00001722";"2024-06-22";"07:07";"Sat";1219
"ORD_00001723";"2024-03-19";"06:53";"Tue";1222
"ORD_00001724";"2025-04-19";"01:24";"Sat";1225
"ORD_00001725";"2025-03-11";"16:49";"Tue";1227
"ORD_00001726";"2024-12-03";"20:37";"Tue";1244
"ORD_00001727";"2024-09-16";"07:20";"Mon";1247
"ORD_00001728";"2024-03-26";"19:10";"Tue";1249
"ORD_00001729";"2024-12-19";"09:29";"Thu";1250
"ORD_00001730";"2025-01-18";"10:15";"Sat";850
"ORD_00001731";"2024-01-03";"20:09";"Wed";1253
"ORD_00001732";"2025-04-05";"16:26";"Sat";650
"ORD_00001733";"2024-07-18";"12:31";"Thu";1257
"ORD_00001734";"2025-04-04";"10:55";"Fri";165
"ORD_00001735";"2024-11-15";"17:41";"Fri";1105
"ORD_00001736";"2025-09-01";"21:19";"Mon";1263
"ORD_00001737";"2025-04-24";"18:22";"Thu";1265
"ORD_00001738";"2025-08-18";"11:47";"Mon";1267
"ORD_00001739";"2025-01-21";"07:29";"Tue";1270
"ORD_00001740";"2025-03-14";"16:18";"Fri";1272
"ORD_00001741";"2024-11-03";"07:06";"Sun";1274
"ORD_00001742";"2024-08-08";"22:11";"Thu";1276
"ORD_00001743";"2024-05-15";"12:10";"Wed";1277
"ORD_00001744";"2025-11-11";"18:09";"Tue";1278
"ORD_00001745";"2025-10-16";"16:29";"Thu";1279
"ORD_00001746";"2024-03-21";"17:07";"Thu";1280
"ORD_00001747";"2024-04-25";"07:04";"Thu";1281
"ORD_00001748";"2025-04-04";"07:38";"Fri";1283
"ORD_00001749";"2025-01-14";"07:55";"Tue";1285
"ORD_00001750";"2024-02-06";"08:00";"Tue";1287
"ORD_00001751";"2025-02-26";"07:41";"Wed";36
"ORD_00001752";"2024-08-19";"16:26";"Mon";1293
"ORD_00001753";"2025-05-02";"13:55";"Fri";1296
"ORD_00001754";"2025-01-20";"07:50";"Mon";1299
"ORD_00001755";"2025-06-02";"17:46";"Mon";1316
"ORD_00001756";"2024-02-22";"18:55";"Thu";1318
"ORD_00001757";"2025-06-04";"09:50";"Wed";1320
"ORD_00001758";"2025-07-10";"12:37";"Thu";1322
"ORD_00001759";"2024-01-22";"08:07";"Mon";1324
"ORD_00001760";"2025-01-15";"09:17";"Wed";1327
"ORD_00001761";"2025-03-17";"10:08";"Mon";1346
"ORD_00001762";"2025-11-18";"17:02";"Tue";1349
"ORD_00001763";"2025-12-10";"14:25";"Wed";1381
"ORD_00001764";"2025-05-16";"09:33";"Fri";1384
"ORD_00001765";"2025-07-24";"14:23";"Thu";1388
"ORD_00001766";"2025-07-20";"08:14";"Sun";1392
"ORD_00001767";"2025-11-16";"09:44";"Sun";768
"ORD_00001768";"2024-12-04";"16:11";"Wed";1398
"ORD_00001769";"2024-06-06";"11:49";"Thu";1402
"ORD_00001770";"2024-06-05";"11:18";"Wed";1404
"ORD_00001771";"2025-03-26";"06:37";"Wed";1406
"ORD_00001772";"2025-07-13";"14:46";"Sun";1408
"ORD_00001773";"2024-08-30";"08:36";"Fri";1410
"ORD_00001774";"2024-05-08";"07:47";"Wed";1413
"ORD_00001775";"2025-01-13";"07:43";"Mon";1416
"ORD_00001776";"2025-12-12";"10:12";"Fri";77
"ORD_00001777";"2025-11-28";"08:18";"Fri";1420
"ORD_00001778";"2025-04-06";"14:57";"Sun";1422
"ORD_00001779";"2024-04-12";"16:55";"Fri";1424
"ORD_00001780";"2025-03-19";"18:45";"Wed";1426
"ORD_00001781";"2024-12-10";"23:11";"Tue";1428
"ORD_00001782";"2024-05-31";"19:45";"Fri";1430
"ORD_00001783";"2024-09-17";"07:24";"Tue";1440
"ORD_00001784";"2025-03-22";"08:36";"Sat";1443
"ORD_00001785";"2024-01-08";"14:09";"Mon";1447
"ORD_00001786";"2025-05-03";"13:09";"Sat";1449
"ORD_00001787";"2024-05-11";"11:38";"Sat";1451
"ORD_00001788";"2024-02-02";"01:32";"Fri";1514
"ORD_00001789";"2024-12-07";"13:05";"Sat";1064
"ORD_00001790";"2024-03-23";"17:21";"Sat";1519
"ORD_00001791";"2024-04-28";"08:15";"Sun";1521
"ORD_00001792";"2024-12-16";"16:22";"Mon";1524
"ORD_00001793";"2025-03-10";"09:48";"Mon";1527
"ORD_00001794";"2025-12-10";"09:34";"Wed";1530
"ORD_00001795";"2025-02-15";"07:18";"Sat";498
"ORD_00001796";"2025-12-17";"15:27";"Wed";1535
"ORD_00001797";"2024-12-03";"06:08";"Tue";1538
"ORD_00001798";"2024-03-07";"06:49";"Thu";1541
"ORD_00001799";"2025-03-15";"10:36";"Sat";1545
"ORD_00001800";"2024-12-13";"08:10";"Fri";1548
"ORD_00001801";"2025-03-10";"17:01";"Mon";1551
"ORD_00001802";"2025-01-26";"11:53";"Sun";1555
"ORD_00001803";"2025-09-13";"17:57";"Sat";1557
"ORD_00001804";"2025-12-01";"05:47";"Mon";1565
"ORD_00001805";"2024-10-08";"02:42";"Tue";1568
"ORD_00001806";"2025-12-04";"18:12";"Thu";1570
"ORD_00001807";"2025-03-22";"10:57";"Sat";1572
"ORD_00001808";"2025-04-23";"18:39";"Wed";1636
"ORD_00001809";"2025-12-18";"17:29";"Thu";1638
"ORD_00001810";"2025-10-24";"08:04";"Fri";1639
"ORD_00001811";"2024-12-28";"15:51";"Sat";1640
"ORD_00001812";"2025-06-13";"16:42";"Fri";1642
"ORD_00001813";"2024-07-10";"04:14";"Wed";1645
"ORD_00001814";"2024-10-06";"08:06";"Sun";1647
"ORD_00001815";"2025-07-30";"07:11";"Wed";1668
"ORD_00001816";"2024-10-03";"22:34";"Thu";1671
"ORD_00001817";"2025-06-18";"16:13";"Wed";1675
"ORD_00001818";"2025-10-13";"10:07";"Mon";1677
"ORD_00001819";"2024-05-03";"07:54";"Fri";1678
"ORD_00001820";"2025-08-23";"14:55";"Sat";1681
"ORD_00001821";"2024-01-31";"05:03";"Wed";1684
"ORD_00001822";"2025-05-17";"18:51";"Sat";1686
"ORD_00001823";"2025-06-08";"11:51";"Sun";1706
"ORD_00001824";"2024-10-28";"17:42";"Mon";1710
"ORD_00001825";"2025-07-08";"12:17";"Tue";1713
"ORD_00001826";"2025-12-01";"15:31";"Mon";312
"ORD_00001827";"2024-03-23";"08:24";"Sat";1723
"ORD_00001828";"2024-12-25";"11:17";"Wed";1726
"ORD_00001829";"2024-08-07";"11:53";"Wed";1729
"ORD_00001830";"2025-08-27";"07:36";"Wed";338
"ORD_00001831";"2025-05-16";"11:42";"Fri";1735
"ORD_00001832";"2024-10-24";"07:32";"Thu";1738
"ORD_00001833";"2024-10-20";"05:50";"Sun";1741
"ORD_00001834";"2024-11-07";"12:46";"Thu";1744
"ORD_00001835";"2024-06-19";"15:09";"Wed";1747
"ORD_00001836";"2025-05-17";"10:47";"Sat";1751
"ORD_00001837";"2024-05-26";"07:37";"Sun";1298
"ORD_00001838";"2025-01-14";"07:29";"Tue";1777
"ORD_00001839";"2025-08-08";"15:00";"Fri";1784
"ORD_00001840";"2025-03-08";"07:27";"Sat";1786
"ORD_00001841";"2024-03-12";"12:30";"Tue";1789
"ORD_00001842";"2025-08-24";"13:41";"Sun";1790
"ORD_00001843";"2025-09-19";"16:14";"Fri";1791
"ORD_00001844";"2025-02-12";"07:46";"Wed";1792
"ORD_00001845";"2024-04-14";"15:34";"Sun";1793
"ORD_00001846";"2025-09-22";"17:40";"Mon";1091
"ORD_00001847";"2025-06-12";"12:24";"Thu";1795
"ORD_00001848";"2024-02-28";"13:22";"Wed";1798
"ORD_00001849";"2025-04-05";"06:03";"Sat";1801
"ORD_00001850";"2025-05-08";"08:38";"Thu";1803
"ORD_00001851";"2025-08-10";"11:50";"Sun";1805
"ORD_00001852";"2024-05-23";"07:16";"Thu";1807
"ORD_00001853";"2024-10-07";"06:34";"Mon";1809
"ORD_00001854";"2024-08-31";"08:25";"Sat";1812
"ORD_00001855";"2025-12-17";"16:42";"Wed";1816
"ORD_00001856";"2025-06-21";"15:22";"Sat";1817
"ORD_00001857";"2025-12-17";"18:59";"Wed";1818
"ORD_00001858";"2024-09-30";"19:04";"Mon";1819
"ORD_00001859";"2024-10-20";"08:53";"Sun";1827
"ORD_00001860";"2025-08-10";"11:46";"Sun";1829
"ORD_00001861";"2024-11-27";"14:48";"Wed";1831
"ORD_00001862";"2025-05-02";"15:54";"Fri";1833
"ORD_00001863";"2024-11-22";"15:57";"Fri";1836
"ORD_00001864";"2024-03-13";"11:57";"Wed";1839
"ORD_00001865";"2025-09-24";"17:57";"Wed";1841
"ORD_00001866";"2024-09-21";"07:09";"Sat";1842
"ORD_00001867";"2024-11-12";"20:39";"Tue";513
"ORD_00001868";"2024-08-01";"12:12";"Thu";1952
"ORD_00001869";"2025-03-21";"15:43";"Fri";1954
"ORD_00001870";"2025-05-11";"16:33";"Sun";1960
"ORD_00001871";"2024-08-22";"13:38";"Thu";1962
"ORD_00001872";"2025-08-17";"13:48";"Sun";1970
"ORD_00001873";"2024-03-17";"06:09";"Sun";1491
"ORD_00001874";"2025-02-22";"06:41";"Sat";1974
"ORD_00001875";"2024-10-05";"12:35";"Sat";1985
"ORD_00001876";"2025-10-18";"07:31";"Sat";1987
"ORD_00001877";"2024-01-29";"10:14";"Mon";1989
"ORD_00001878";"2024-04-20";"08:25";"Sat";1991
"ORD_00001879";"2025-01-18";"10:40";"Sat";1997
"ORD_00001880";"2025-01-16";"17:41";"Thu";1998
"ORD_00001881";"2024-04-08";"20:37";"Mon";2005
"ORD_00001882";"2024-06-05";"15:20";"Wed";2007
"ORD_00001883";"2025-03-08";"05:29";"Sat";2009
"ORD_00001884";"2025-10-09";"06:04";"Thu";2011
"ORD_00001885";"2024-04-21";"13:35";"Sun";2013
"ORD_00001886";"2024-06-15";"23:23";"Sat";2014
"ORD_00001887";"2025-06-11";"15:11";"Wed";2017
"ORD_00001888";"2025-06-28";"10:48";"Sat";2019
"ORD_00001889";"2024-12-24";"12:42";"Tue";2022
"ORD_00001890";"2024-10-03";"06:20";"Thu";932
"ORD_00001891";"2025-09-27";"20:29";"Sat";2028
"ORD_00001892";"2024-12-21";"17:07";"Sat";2032
"ORD_00001893";"2024-12-15";"13:38";"Sun";2033
"ORD_00001894";"2025-07-20";"10:34";"Sun";2034
"ORD_00001895";"2025-05-23";"07:59";"Fri";2036
"ORD_00001896";"2024-05-15";"08:59";"Wed";2038
"ORD_00001897";"2024-04-20";"08:41";"Sat";2041
"ORD_00001898";"2025-11-06";"09:03";"Thu";2043
"ORD_00001899";"2024-04-21";"11:52";"Sun";2047
"ORD_00001900";"2024-07-15";"21:36";"Mon";2050
"ORD_00001901";"2025-02-21";"15:55";"Fri";2054
"ORD_00001902";"2025-11-08";"19:17";"Sat";2057
"ORD_00001903";"2025-04-02";"12:19";"Wed";2068
"ORD_00001904";"2024-12-15";"11:26";"Sun";2072
"ORD_00001905";"2024-12-02";"08:09";"Mon";2075
"ORD_00001906";"2024-05-12";"08:23";"Sun";2079
"ORD_00001907";"2024-02-19";"06:28";"Mon";2081
"ORD_00001908";"2025-12-06";"23:31";"Sat";2083
"ORD_00001909";"2024-11-01";"06:43";"Fri";2084
"ORD_00001910";"2024-09-30";"13:12";"Mon";2085
"ORD_00001911";"2024-11-02";"14:42";"Sat";2086
"ORD_00001912";"2025-05-13";"16:34";"Tue";2091
"ORD_00001913";"2024-02-20";"17:33";"Tue";2094
"ORD_00001914";"2024-07-19";"11:10";"Fri";2102
"ORD_00001915";"2024-08-29";"08:00";"Thu";2105
"ORD_00001916";"2024-03-26";"13:32";"Tue";2107
"ORD_00001917";"2025-04-12";"15:08";"Sat";2109
"ORD_00001918";"2025-10-26";"07:58";"Sun";2112
"ORD_00001919";"2025-11-03";"10:52";"Mon";2120
"ORD_00001920";"2024-11-08";"18:49";"Fri";2121
"ORD_00001921";"2025-01-23";"11:40";"Thu";2122
"ORD_00001922";"2024-04-01";"02:20";"Mon";2123
"ORD_00001923";"2025-03-20";"06:12";"Thu";2125
"ORD_00001924";"2024-02-13";"07:02";"Tue";2128
"ORD_00001925";"2025-09-15";"09:29";"Mon";2224
"ORD_00001926";"2024-03-06";"07:20";"Wed";52
"ORD_00001927";"2024-04-14";"10:20";"Sun";2235
"ORD_00001928";"2025-03-14";"07:12";"Fri";445
"ORD_00001929";"2024-09-08";"07:04";"Sun";2240
"ORD_00001930";"2024-07-01";"14:16";"Mon";2208
"ORD_00001931";"2025-07-31";"16:18";"Thu";1707
"ORD_00001932";"2025-01-15";"07:09";"Wed";2248
"ORD_00001933";"2024-12-26";"07:04";"Thu";2252
"ORD_00001934";"2025-10-17";"12:36";"Fri";2256
"ORD_00001935";"2024-04-17";"16:26";"Wed";2259
"ORD_00001936";"2025-08-19";"15:13";"Tue";2279
