id,order_id,customer_id,total_spend,fulfillment_time_min,customer_satisfaction
1,ORD_00000001,4,14.48,8,4
2,ORD_00000002,7,9.52,5,4
3,ORD_00000003,45,9.32,5,5
4,ORD_00000004,51,9.55,4,4
5,ORD_00000005,64,12.24,4,3
6,ORD_00000006,113,21.13,5,4
7,ORD_00000007,114,12.95,4,3
8,ORD_00000008,115,26.33,5,5
9,ORD_00000009,149,12.17,4,5
10,ORD_00000010,150,11.11,4,5
11,ORD_00000011,162,18.41,4,2
12,ORD_00000012,163,14.45,3,4
13,ORD_00000013,164,20.69,4,5
14,ORD_00000014,172,14.10,4,4
15,ORD_00000015,196,18.27,6,5
16,ORD_00000016,198,14.28,6,5
17,ORD_00000017,211,10.08,2,3
18,ORD_00000018,212,9.06,4,5
19,ORD_00000019,213,19.69,6,2
20,ORD_00000020,214,6.71,6,2
21,ORD_00000021,230,8.50,8,4
22,ORD_00000022,447,15.14,5,5
23,ORD_00000023,449,15.90,3,4
24,ORD_00000024,450,10.39,4,3
25,ORD_00000025,451,7.85,5,4
26,ORD_00000026,452,10.99,7,3
27,ORD_00000027,453,22.03,4,4
28,ORD_00000028,454,6.47,3,1
29,ORD_00000029,455,20.58,5,2
30,ORD_00000030,486,19.02,6,4
31,ORD_00000031,487,27.85,5,5
32,ORD_00000032,488,28.89,4,2
33,ORD_00000033,500,11.70,6,2
34,ORD_00000034,385,22.14,4,4
35,ORD_00000035,502,36.05,4,5
36,ORD_00000036,503,18.26,5,4
37,ORD_00000037,504,16.67,7,5
38,ORD_00000038,505,17.80,9,4
39,ORD_00000039,506,7.16,5,2
40,ORD_00000040,507,10.69,7,4
41,ORD_00000041,508,24.82,5,3
42,ORD_00000042,509,9.27,5,4
43,ORD_00000043,511,10.24,5,5
44,ORD_00000044,559,21.07,5,3
45,ORD_00000045,563,11.44,3,5
46,ORD_00000046,567,21.08,7,5
47,ORD_00000047,568,6.01,3,4
48,ORD_00000048,569,10.12,3,3
49,ORD_00000049,581,10.70,5,3
50,ORD_00000050,605,19.88,3,4
51,ORD_00000051,607,10.13,3,4
52,ORD_00000052,609,5.31,4,5
53,ORD_00000053,610,27.62,4,5
54,ORD_00000054,611,12.79,3,3
55,ORD_00000055,632,10.38,4,3
56,ORD_00000056,633,6.29,5,5
57,ORD_00000057,635,5.54,3,2
58,ORD_00000058,637,17.04,4,4
59,ORD_00000059,640,9.77,6,5
60,ORD_00000060,642,13.48,4,5
61,ORD_00000061,643,8.48,5,4
62,ORD_00000062,644,9.53,5,3
63,ORD_00000063,645,23.88,4,4
64,ORD_00000064,646,20.51,4,4
65,ORD_00000065,671,27.02,4,4
66,ORD_00000066,473,16.15,3,1
67,ORD_00000067,718,11.19,4,5
68,ORD_00000068,719,30.42,5,4
69,ORD_00000069,720,12.96,6,5
70,ORD_00000070,721,23.51,7,3
71,ORD_00000071,722,15.71,6,3
72,ORD_00000072,723,14.62,1,4
73,ORD_00000073,724,16.31,6,2
74,ORD_00000074,725,11.28,3,4
75,ORD_00000075,726,9.58,3,1
76,ORD_00000076,727,15.66,7,4
77,ORD_00000077,731,10.90,3,4
78,ORD_00000078,531,17.35,4,5
79,ORD_00000079,735,11.91,3,4
80,ORD_00000080,737,14.96,5,4
81,ORD_00000081,743,10.65,4,5
82,ORD_00000082,744,12.26,3,5
83,ORD_00000083,747,14.13,6,4
84,ORD_00000084,749,14.40,5,4
85,ORD_00000085,751,17.53,4,5
86,ORD_00000086,753,7.91,5,3
87,ORD_00000087,755,10.80,4,4
88,ORD_00000088,784,18.87,4,3
89,ORD_00000089,787,16.24,3,5
90,ORD_00000090,789,7.70,7,5
91,ORD_00000091,792,9.73,4,5
92,ORD_00000092,794,17.03,7,5
93,ORD_00000093,119,9.62,3,2
94,ORD_00000094,798,18.98,4,5
95,ORD_00000095,801,17.73,5,2
96,ORD_00000096,829,17.93,2,3
97,ORD_00000097,831,17.12,6,2
98,ORD_00000098,349,13.00,5,1
99,ORD_00000099,870,18.93,5,5
100,ORD_00000100,872,9.19,5,4
101,ORD_00000101,874,19.75,5,4
102,ORD_00000102,876,11.60,10,5
103,ORD_00000103,878,9.22,3,5
104,ORD_00000104,880,13.63,6,5
105,ORD_00000105,882,21.25,3,5
106,ORD_00000106,883,14.21,2,5
107,ORD_00000107,884,7.76,2,5
108,ORD_00000108,885,18.00,4,2
109,ORD_00000109,886,18.63,4,5
110,ORD_00000110,932,10.95,5,5
111,ORD_00000111,936,12.78,3,4
112,ORD_00000112,938,16.05,3,5
113,ORD_00000113,947,7.32,7,1
114,ORD_00000114,949,6.01,6,1
115,ORD_00000115,951,11.38,3,5
116,ORD_00000116,952,16.27,5,4
117,ORD_00000117,953,12.39,3,2
118,ORD_00000118,954,15.94,5,5
119,ORD_00000119,956,10.20,3,3
120,ORD_00000120,958,14.40,6,4
121,ORD_00000121,965,17.83,4,4
122,ORD_00000122,967,5.44,5,3
123,ORD_00000123,968,13.07,8,4
124,ORD_00000124,969,14.58,8,2
125,ORD_00000125,970,10.08,3,2
126,ORD_00000126,971,13.00,4,3
127,ORD_00000127,973,22.30,5,4
128,ORD_00000128,975,11.69,3,4
129,ORD_00000129,976,13.77,5,4
130,ORD_00000130,1012,13.10,7,5
131,ORD_00000131,1014,23.12,3,2
132,ORD_00000132,1019,12.95,6,4
133,ORD_00000133,1020,11.58,3,2
134,ORD_00000134,1021,16.48,4,5
135,ORD_00000135,1022,14.69,5,5
136,ORD_00000136,1023,16.15,1,1
137,ORD_00000137,1024,7.08,5,3
138,ORD_00000138,1025,18.66,4,4
139,ORD_00000139,1026,17.52,4,4
140,ORD_00000140,1027,6.59,4,5
141,ORD_00000141,980,12.81,4,5
142,ORD_00000142,1029,15.46,5,2
143,ORD_00000143,1030,20.80,4,4
144,ORD_00000144,1031,23.65,6,4
145,ORD_00000145,1033,11.67,5,3
146,ORD_00000146,1034,21.78,3,4
147,ORD_00000147,1035,13.82,3,4
148,ORD_00000148,1037,20.25,3,4
149,ORD_00000149,1038,29.12,4,4
150,ORD_00000150,1040,24.16,4,2
151,ORD_00000151,1041,18.35,4,5
152,ORD_00000152,623,12.10,3,4
153,ORD_00000153,423,12.27,6,2
154,ORD_00000154,1132,18.15,4,3
155,ORD_00000155,102,17.61,5,3
156,ORD_00000156,2,15.93,6,1
157,ORD_00000157,5,16.96,5,5
158,ORD_00000158,13,14.97,7,4
159,ORD_00000159,15,16.05,3,4
160,ORD_00000160,16,15.43,7,4
161,ORD_00000161,20,7.52,5,1
162,ORD_00000162,21,21.60,2,4
163,ORD_00000163,22,16.37,5,5
164,ORD_00000164,36,10.03,2,4
165,ORD_00000165,37,5.27,9,3
166,ORD_00000166,39,11.55,7,3
167,ORD_00000167,40,11.72,7,3
168,ORD_00000168,42,26.22,5,3
169,ORD_00000169,44,7.58,3,4
170,ORD_00000170,47,11.12,5,1
171,ORD_00000171,48,25.99,6,5
172,ORD_00000172,49,15.53,3,3
173,ORD_00000173,50,17.35,7,2
174,ORD_00000174,52,11.77,3,2
175,ORD_00000175,53,16.36,5,5
176,ORD_00000176,54,21.54,4,4
177,ORD_00000177,73,13.15,3,2
178,ORD_00000178,74,10.68,6,5
179,ORD_00000179,75,11.50,4,4
180,ORD_00000180,76,14.20,5,2
181,ORD_00000181,77,9.09,4,4
182,ORD_00000182,78,9.45,6,3
183,ORD_00000183,79,16.48,4,4
184,ORD_00000184,80,8.15,5,5
185,ORD_00000185,81,21.67,7,5
186,ORD_00000186,82,14.55,6,4
187,ORD_00000187,83,16.68,6,3
188,ORD_00000188,102,23.77,6,4
189,ORD_00000189,103,9.07,4,2
190,ORD_00000190,104,20.35,3,5
191,ORD_00000191,105,18.70,4,4
192,ORD_00000192,106,17.73,2,5
193,ORD_00000193,107,9.40,6,5
194,ORD_00000194,108,13.49,5,4
195,ORD_00000195,109,18.55,5,5
196,ORD_00000196,110,12.66,4,2
197,ORD_00000197,111,18.61,5,1
198,ORD_00000198,112,20.68,5,2
199,ORD_00000199,124,20.81,4,2
200,ORD_00000200,125,20.15,7,3
201,ORD_00000201,126,14.03,4,4
202,ORD_00000202,127,12.83,6,4
203,ORD_00000203,128,15.22,4,5
204,ORD_00000204,130,8.68,2,5
205,ORD_00000205,132,7.68,7,5
206,ORD_00000206,134,13.79,3,3
207,ORD_00000207,135,14.95,5,3
208,ORD_00000208,136,8.11,4,5
209,ORD_00000209,137,27.30,4,3
210,ORD_00000210,139,16.93,5,4
211,ORD_00000211,140,14.85,7,5
212,ORD_00000212,141,19.43,3,4
213,ORD_00000213,142,25.23,3,2
214,ORD_00000214,143,16.48,8,2
215,ORD_00000215,144,15.19,5,5
216,ORD_00000216,145,9.53,3,1
217,ORD_00000217,146,12.28,5,5
218,ORD_00000218,147,11.64,6,2
219,ORD_00000219,148,8.71,3,4
220,ORD_00000220,151,22.48,5,5
221,ORD_00000221,192,12.49,5,4
222,ORD_00000222,193,8.61,7,5
223,ORD_00000223,194,8.71,3,3
224,ORD_00000224,195,3.62,6,4
225,ORD_00000225,197,23.21,3,4
226,ORD_00000226,199,16.11,3,5
227,ORD_00000227,201,19.76,6,5
228,ORD_00000228,203,17.08,4,3
229,ORD_00000229,205,12.34,5,1
230,ORD_00000230,207,12.29,5,5
231,ORD_00000231,209,13.68,6,5
232,ORD_00000232,215,10.59,5,5
233,ORD_00000233,217,11.48,6,5
234,ORD_00000234,219,17.63,3,3
235,ORD_00000235,221,21.88,2,5
236,ORD_00000236,231,11.64,3,5
237,ORD_00000237,232,20.74,3,5
238,ORD_00000238,233,17.86,5,5
239,ORD_00000239,234,8.52,4,1
240,ORD_00000240,235,23.41,5,5
241,ORD_00000241,236,8.71,4,5
242,ORD_00000242,237,12.60,5,4
243,ORD_00000243,238,15.35,4,3
244,ORD_00000244,239,19.91,5,5
245,ORD_00000245,240,28.81,4,3
246,ORD_00000246,241,9.57,6,4
247,ORD_00000247,242,19.65,4,5
248,ORD_00000248,243,18.62,3,4
249,ORD_00000249,244,6.26,5,4
250,ORD_00000250,245,21.64,4,5
251,ORD_00000251,277,10.66,5,2
252,ORD_00000252,278,15.14,4,4
253,ORD_00000253,294,12.73,6,1
254,ORD_00000254,300,13.79,5,4
255,ORD_00000255,301,12.78,3,5
256,ORD_00000256,303,18.14,3,4
257,ORD_00000257,305,9.74,2,4
258,ORD_00000258,307,13.98,7,1
259,ORD_00000259,309,21.09,5,4
260,ORD_00000260,311,9.80,3,5
261,ORD_00000261,96,9.69,3,4
262,ORD_00000262,315,11.60,6,4
263,ORD_00000263,317,13.96,4,4
264,ORD_00000264,320,7.71,9,5
265,ORD_00000265,336,15.89,6,5
266,ORD_00000266,339,14.44,5,4
267,ORD_00000267,340,12.91,5,5
268,ORD_00000268,360,15.29,4,5
269,ORD_00000269,361,23.59,6,5
270,ORD_00000270,362,14.83,7,1
271,ORD_00000271,363,10.79,9,5
272,ORD_00000272,364,21.04,3,5
273,ORD_00000273,365,10.86,4,3
274,ORD_00000274,366,12.92,10,3
275,ORD_00000275,367,23.50,4,4
276,ORD_00000276,368,15.03,6,2
277,ORD_00000277,369,13.97,6,2
278,ORD_00000278,370,18.13,6,4
279,ORD_00000279,118,10.00,8,4
280,ORD_00000280,372,13.18,6,5
281,ORD_00000281,373,18.75,6,5
282,ORD_00000282,374,8.87,5,4
283,ORD_00000283,375,17.23,5,4
284,ORD_00000284,376,15.32,6,5
285,ORD_00000285,391,14.82,6,2
286,ORD_00000286,392,6.17,9,4
287,ORD_00000287,435,9.99,7,4
288,ORD_00000288,436,9.61,8,3
289,ORD_00000289,439,13.28,5,3
290,ORD_00000290,440,10.26,4,5
291,ORD_00000291,441,13.16,6,3
292,ORD_00000292,442,16.46,7,3
293,ORD_00000293,443,15.89,6,5
294,ORD_00000294,444,12.70,4,4
295,ORD_00000295,445,16.82,4,5
296,ORD_00000296,446,8.36,5,2
297,ORD_00000297,448,10.29,4,5
298,ORD_00000298,460,9.82,4,2
299,ORD_00000299,462,23.91,6,5
300,ORD_00000300,466,16.07,6,4
301,ORD_00000301,467,11.96,6,4
302,ORD_00000302,468,9.57,7,4
303,ORD_00000303,469,11.73,4,5
304,ORD_00000304,471,20.31,3,4
305,ORD_00000305,472,11.69,3,3
306,ORD_00000306,473,12.81,6,3
307,ORD_00000307,475,8.50,7,4
308,ORD_00000308,331,14.53,4,3
309,ORD_00000309,515,20.91,5,4
310,ORD_00000310,518,12.47,7,4
311,ORD_00000311,519,9.91,5,3
312,ORD_00000312,520,11.94,6,5
313,ORD_00000313,521,10.84,3,2
314,ORD_00000314,523,14.94,6,2
315,ORD_00000315,355,7.46,5,1
316,ORD_00000316,527,20.29,6,4
317,ORD_00000317,554,13.95,5,1
318,ORD_00000318,556,13.65,9,5
319,ORD_00000319,558,10.08,6,4
320,ORD_00000320,562,15.12,2,5
321,ORD_00000321,566,16.36,5,5
322,ORD_00000322,570,12.04,9,3
323,ORD_00000323,571,17.41,6,2
324,ORD_00000324,573,14.21,6,2
325,ORD_00000325,574,31.57,5,4
326,ORD_00000326,583,11.43,2,4
327,ORD_00000327,586,11.78,6,4
328,ORD_00000328,588,10.90,7,5
329,ORD_00000329,590,22.19,2,3
330,ORD_00000330,593,5.84,3,2
331,ORD_00000331,631,11.38,6,4
332,ORD_00000332,638,13.07,4,5
333,ORD_00000333,647,10.06,3,4
334,ORD_00000334,648,17.64,5,3
335,ORD_00000335,649,24.98,6,4
336,ORD_00000336,650,10.67,6,5
337,ORD_00000337,651,6.76,5,5
338,ORD_00000338,652,8.80,8,2
339,ORD_00000339,654,13.50,6,4
340,ORD_00000340,409,8.99,4,5
341,ORD_00000341,658,17.60,6,4
342,ORD_00000342,667,11.49,5,4
343,ORD_00000343,668,27.03,5,4
344,ORD_00000344,669,14.48,6,4
345,ORD_00000345,670,6.79,5,5
346,ORD_00000346,672,14.30,7,3
347,ORD_00000347,673,8.98,4,3
348,ORD_00000348,674,14.79,8,3
349,ORD_00000349,700,8.77,2,2
350,ORD_00000350,702,10.13,3,3
351,ORD_00000351,704,21.27,5,3
352,ORD_00000352,705,11.11,7,2
353,ORD_00000353,728,10.42,6,3
354,ORD_00000354,729,16.79,6,4
355,ORD_00000355,730,19.74,4,3
356,ORD_00000356,732,17.97,2,4
357,ORD_00000357,734,12.14,3,2
358,ORD_00000358,736,17.40,6,4
359,ORD_00000359,738,12.92,2,4
360,ORD_00000360,739,14.08,4,3
361,ORD_00000361,740,20.23,4,5
362,ORD_00000362,343,10.96,2,5
363,ORD_00000363,742,18.75,5,3
364,ORD_00000364,746,23.84,3,1
365,ORD_00000365,754,18.08,4,4
366,ORD_00000366,756,10.34,5,5
367,ORD_00000367,757,11.90,5,1
368,ORD_00000368,765,15.52,4,3
369,ORD_00000369,423,15.35,3,4
370,ORD_00000370,768,15.40,5,4
371,ORD_00000371,769,9.83,5,3
372,ORD_00000372,770,21.28,4,4
373,ORD_00000373,771,20.80,3,4
374,ORD_00000374,772,10.53,6,3
375,ORD_00000375,791,17.70,5,3
376,ORD_00000376,795,10.23,8,3
377,ORD_00000377,797,5.73,7,3
378,ORD_00000378,799,6.67,2,5
379,ORD_00000379,802,10.36,5,5
380,ORD_00000380,804,15.77,2,4
381,ORD_00000381,845,14.44,5,4
382,ORD_00000382,847,11.91,6,5
383,ORD_00000383,849,7.03,3,5
384,ORD_00000384,851,18.71,6,3
385,ORD_00000385,853,18.56,2,3
386,ORD_00000386,854,23.11,4,5
387,ORD_00000387,856,14.56,4,4
388,ORD_00000388,858,21.23,4,4
389,ORD_00000389,860,16.43,5,4
390,ORD_00000390,862,15.65,3,4
391,ORD_00000391,863,9.60,4,2
392,ORD_00000392,864,19.76,3,4
393,ORD_00000393,865,14.38,6,4
394,ORD_00000394,866,8.97,3,3
395,ORD_00000395,868,7.95,5,2
396,ORD_00000396,372,11.75,3,2
397,ORD_00000397,898,11.59,6,5
398,ORD_00000398,900,4.23,6,4
399,ORD_00000399,902,11.86,8,4
400,ORD_00000400,904,19.06,6,5
401,ORD_00000401,906,17.01,6,5
402,ORD_00000402,172,13.89,3,2
403,ORD_00000403,910,14.49,5,3
404,ORD_00000404,911,11.98,3,3
405,ORD_00000405,912,18.19,5,4
406,ORD_00000406,918,6.46,5,4
407,ORD_00000407,920,8.07,6,2
408,ORD_00000408,924,12.88,3,5
409,ORD_00000409,925,16.85,5,5
410,ORD_00000410,927,18.23,4,5
411,ORD_00000411,929,13.12,5,4
412,ORD_00000412,930,8.88,7,5
413,ORD_00000413,935,11.45,7,5
414,ORD_00000414,937,6.62,4,1
415,ORD_00000415,939,14.58,3,4
416,ORD_00000416,941,11.98,2,5
417,ORD_00000417,943,26.18,6,4
418,ORD_00000418,945,25.86,2,5
419,ORD_00000419,362,11.25,6,3
420,ORD_00000420,957,10.34,7,5
421,ORD_00000421,959,12.18,5,2
422,ORD_00000422,960,13.53,3,3
423,ORD_00000423,961,15.81,6,2
424,ORD_00000424,962,16.94,3,3
425,ORD_00000425,963,14.12,4,1
426,ORD_00000426,964,12.25,6,5
427,ORD_00000427,966,16.29,6,1
428,ORD_00000428,972,28.18,7,4
429,ORD_00000429,974,10.53,4,3
430,ORD_00000430,977,12.94,6,4
431,ORD_00000431,978,22.24,4,5
432,ORD_00000432,979,14.71,3,4
433,ORD_00000433,980,19.18,5,5
434,ORD_00000434,981,20.92,6,3
435,ORD_00000435,982,18.77,4,4
436,ORD_00000436,983,13.01,4,5
437,ORD_00000437,984,11.04,6,5
438,ORD_00000438,985,15.79,5,3
439,ORD_00000439,986,23.48,6,4
440,ORD_00000440,987,12.27,7,4
441,ORD_00000441,1044,6.05,6,3
442,ORD_00000442,1045,7.86,4,5
443,ORD_00000443,1046,26.06,8,2
444,ORD_00000444,1048,19.59,4,5
445,ORD_00000445,1066,5.87,7,3
446,ORD_00000446,1069,13.25,3,4
447,ORD_00000447,1073,21.65,2,5
448,ORD_00000448,1075,27.83,4,4
449,ORD_00000449,1077,12.33,5,2
450,ORD_00000450,1079,15.69,4,3
451,ORD_00000451,1081,14.66,4,5
452,ORD_00000452,1090,21.28,8,5
453,ORD_00000453,102,20.97,4,4
454,ORD_00000454,1094,19.38,4,3
455,ORD_00000455,1096,23.01,4,5
456,ORD_00000456,1099,17.65,6,5
457,ORD_00000457,1101,15.31,4,4
458,ORD_00000458,1103,25.19,4,4
459,ORD_00000459,1105,9.34,3,5
460,ORD_00000460,1112,10.60,6,3
461,ORD_00000461,1114,20.31,3,4
462,ORD_00000462,1116,10.11,5,4
463,ORD_00000463,1127,27.56,4,4
464,ORD_00000464,1129,17.49,4,4
465,ORD_00000465,1,20.44,7,4
466,ORD_00000466,3,14.55,4,4
467,ORD_00000467,8,8.35,5,5
468,ORD_00000468,9,17.23,5,3
469,ORD_00000469,10,7.02,3,5
470,ORD_00000470,11,8.81,4,4
471,ORD_00000471,12,9.41,2,4
472,ORD_00000472,14,8.96,3,4
473,ORD_00000473,17,9.03,3,4
474,ORD_00000474,19,11.47,5,3
475,ORD_00000475,23,19.49,4,4
476,ORD_00000476,24,15.42,2,1
477,ORD_00000477,25,5.52,3,4
478,ORD_00000478,26,5.60,6,3
479,ORD_00000479,28,6.62,4,4
480,ORD_00000480,29,9.87,7,2
481,ORD_00000481,30,12.55,6,5
482,ORD_00000482,31,22.17,6,4
483,ORD_00000483,33,25.18,6,1
484,ORD_00000484,34,12.84,5,3
485,ORD_00000485,38,11.95,4,5
486,ORD_00000486,55,11.98,4,3
487,ORD_00000487,56,15.53,5,5
488,ORD_00000488,57,11.87,8,4
489,ORD_00000489,58,19.16,4,3
490,ORD_00000490,59,12.85,3,3
491,ORD_00000491,60,11.91,3,3
492,ORD_00000492,61,24.01,3,4
493,ORD_00000493,63,10.80,3,4
494,ORD_00000494,66,8.81,7,4
495,ORD_00000495,67,12.36,5,5
496,ORD_00000496,68,24.44,3,4
497,ORD_00000497,90,7.87,4,1
498,ORD_00000498,91,21.95,5,4
499,ORD_00000499,92,4.39,3,5
500,ORD_00000500,94,15.93,7,1
501,ORD_00000501,95,14.05,7,4
502,ORD_00000502,96,14.06,2,4
503,ORD_00000503,97,15.70,5,1
504,ORD_00000504,98,18.84,4,5
505,ORD_00000505,99,9.01,3,4
506,ORD_00000506,100,25.20,4,5
507,ORD_00000507,101,18.12,6,2
508,ORD_00000508,165,16.38,5,4
509,ORD_00000509,166,9.17,8,1
510,ORD_00000510,167,17.80,5,2
511,ORD_00000511,168,11.85,3,4
512,ORD_00000512,169,15.25,5,4
513,ORD_00000513,170,17.17,6,5
514,ORD_00000514,171,8.34,6,4
515,ORD_00000515,173,16.10,6,5
516,ORD_00000516,174,9.10,4,3
517,ORD_00000517,175,9.70,3,5
518,ORD_00000518,176,12.96,7,5
519,ORD_00000519,181,10.74,4,2
520,ORD_00000520,183,14.34,3,5
521,ORD_00000521,184,13.40,4,4
522,ORD_00000522,141,11.87,4,5
523,ORD_00000523,186,13.35,6,4
524,ORD_00000524,187,11.80,5,3
525,ORD_00000525,188,13.05,4,3
526,ORD_00000526,189,10.24,5,5
527,ORD_00000527,190,19.57,9,3
528,ORD_00000528,191,19.11,4,4
529,ORD_00000529,229,7.39,2,4
530,ORD_00000530,246,13.14,3,4
531,ORD_00000531,247,20.61,2,2
532,ORD_00000532,248,17.57,4,5
533,ORD_00000533,249,9.85,5,3
534,ORD_00000534,250,19.08,6,5
535,ORD_00000535,251,8.98,3,3
536,ORD_00000536,252,13.69,6,3
537,ORD_00000537,253,4.96,2,5
538,ORD_00000538,254,10.71,4,3
539,ORD_00000539,255,28.82,3,5
540,ORD_00000540,256,18.32,4,4
541,ORD_00000541,257,8.73,8,1
542,ORD_00000542,258,13.27,3,4
543,ORD_00000543,259,12.67,2,5
544,ORD_00000544,260,9.98,5,3
545,ORD_00000545,261,8.07,6,4
546,ORD_00000546,262,28.42,5,5
547,ORD_00000547,263,18.57,3,2
548,ORD_00000548,264,4.55,4,3
549,ORD_00000549,265,14.52,10,4
550,ORD_00000550,266,7.05,5,5
551,ORD_00000551,267,13.17,7,4
552,ORD_00000552,268,9.25,3,1
553,ORD_00000553,269,21.85,4,3
554,ORD_00000554,270,18.10,3,3
555,ORD_00000555,271,14.64,5,5
556,ORD_00000556,272,12.89,1,5
557,ORD_00000557,273,12.02,9,4
558,ORD_00000558,274,16.10,4,5
559,ORD_00000559,275,13.06,4,3
560,ORD_00000560,279,14.38,4,4
561,ORD_00000561,280,15.59,4,5
562,ORD_00000562,298,16.78,4,3
563,ORD_00000563,310,29.24,5,5
564,ORD_00000564,312,21.17,2,4
565,ORD_00000565,314,14.25,6,5
566,ORD_00000566,316,8.40,3,5
567,ORD_00000567,318,20.33,7,4
568,ORD_00000568,321,13.84,6,2
569,ORD_00000569,322,7.33,7,5
570,ORD_00000570,323,6.17,2,3
571,ORD_00000571,324,10.91,5,2
572,ORD_00000572,325,16.61,2,5
573,ORD_00000573,326,15.21,5,3
574,ORD_00000574,335,13.05,3,5
575,ORD_00000575,337,8.76,3,5
576,ORD_00000576,338,21.81,5,5
577,ORD_00000577,341,5.77,2,5
578,ORD_00000578,342,4.63,3,4
579,ORD_00000579,343,10.54,2,3
580,ORD_00000580,344,9.21,3,1
581,ORD_00000581,345,9.63,5,4
582,ORD_00000582,346,20.10,4,5
583,ORD_00000583,347,25.07,2,3
584,ORD_00000584,348,11.69,4,5
585,ORD_00000585,351,12.39,6,5
586,ORD_00000586,352,17.43,3,5
587,ORD_00000587,353,9.57,8,2
588,ORD_00000588,354,16.45,3,4
589,ORD_00000589,355,7.26,1,4
590,ORD_00000590,356,11.60,5,3
591,ORD_00000591,357,12.93,7,5
592,ORD_00000592,358,12.90,9,4
593,ORD_00000593,359,21.22,2,4
594,ORD_00000594,380,8.63,3,3
595,ORD_00000595,382,14.74,4,4
596,ORD_00000596,73,13.47,3,4
597,ORD_00000597,397,21.38,4,4
598,ORD_00000598,398,10.11,5,5
599,ORD_00000599,399,13.38,6,4
600,ORD_00000600,400,19.48,6,5
601,ORD_00000601,402,15.59,9,4
602,ORD_00000602,404,10.21,4,4
603,ORD_00000603,406,24.19,4,5
604,ORD_00000604,409,14.51,4,4
605,ORD_00000605,411,27.62,4,3
606,ORD_00000606,413,24.10,4,4
607,ORD_00000607,420,20.67,4,5
608,ORD_00000608,422,12.31,5,4
609,ORD_00000609,424,15.67,4,4
610,ORD_00000610,427,16.59,7,5
611,ORD_00000611,428,24.11,5,5
612,ORD_00000612,429,13.26,5,3
613,ORD_00000613,430,15.08,3,4
614,ORD_00000614,431,19.96,4,5
615,ORD_00000615,432,24.78,4,4
616,ORD_00000616,433,14.37,3,2
617,ORD_00000617,434,14.23,3,5
618,ORD_00000618,456,8.72,4,5
619,ORD_00000619,457,12.73,6,5
620,ORD_00000620,458,14.45,3,5
621,ORD_00000621,459,23.72,2,4
622,ORD_00000622,461,6.57,5,4
623,ORD_00000623,463,18.43,5,5
624,ORD_00000624,464,15.34,4,3
625,ORD_00000625,465,14.61,5,4
626,ORD_00000626,510,7.83,5,4
627,ORD_00000627,512,16.13,4,2
628,ORD_00000628,513,13.05,6,1
629,ORD_00000629,514,8.43,7,5
630,ORD_00000630,516,11.35,3,4
631,ORD_00000631,517,13.32,4,3
632,ORD_00000632,522,11.14,2,5
633,ORD_00000633,524,19.45,6,5
634,ORD_00000634,526,19.38,4,3
635,ORD_00000635,528,9.50,8,4
636,ORD_00000636,529,11.14,5,5
637,ORD_00000637,530,23.69,6,4
638,ORD_00000638,531,8.69,3,4
639,ORD_00000639,532,9.73,5,4
640,ORD_00000640,553,12.88,4,5
641,ORD_00000641,560,21.53,3,3
642,ORD_00000642,564,27.94,3,4
643,ORD_00000643,572,18.08,6,5
644,ORD_00000644,575,18.15,4,5
645,ORD_00000645,577,26.61,3,4
646,ORD_00000646,284,10.11,5,4
647,ORD_00000647,581,14.74,3,4
648,ORD_00000648,584,11.55,7,4
649,ORD_00000649,592,8.50,4,5
650,ORD_00000650,595,8.67,7,5
651,ORD_00000651,598,16.94,7,3
652,ORD_00000652,601,16.32,5,2
653,ORD_00000653,604,19.16,5,5
654,ORD_00000654,612,19.69,3,1
655,ORD_00000655,237,6.24,6,4
656,ORD_00000656,614,12.17,3,4
657,ORD_00000657,615,20.24,6,5
658,ORD_00000658,659,14.33,3,5
659,ORD_00000659,662,20.89,2,3
660,ORD_00000660,664,11.38,4,2
661,ORD_00000661,666,18.09,4,4
662,ORD_00000662,691,11.80,5,5
663,ORD_00000663,692,4.41,6,4
664,ORD_00000664,693,18.95,4,4
665,ORD_00000665,694,9.24,5,3
666,ORD_00000666,695,11.86,7,4
667,ORD_00000667,696,14.22,6,5
668,ORD_00000668,697,13.45,4,5
669,ORD_00000669,698,17.39,8,5
670,ORD_00000670,699,20.66,5,5
671,ORD_00000671,701,16.16,5,5
672,ORD_00000672,703,9.89,6,3
673,ORD_00000673,706,10.16,8,4
674,ORD_00000674,707,14.68,4,4
675,ORD_00000675,708,20.49,7,2
676,ORD_00000676,709,8.16,5,3
677,ORD_00000677,710,30.71,6,5
678,ORD_00000678,682,12.95,5,1
679,ORD_00000679,712,8.02,3,4
680,ORD_00000680,713,7.79,3,2
681,ORD_00000681,714,16.96,7,5
682,ORD_00000682,715,7.08,6,5
683,ORD_00000683,716,24.32,5,4
684,ORD_00000684,745,12.73,6,2
685,ORD_00000685,748,16.21,3,5
686,ORD_00000686,750,15.07,5,1
687,ORD_00000687,558,15.78,6,3
688,ORD_00000688,763,9.71,7,2
689,ORD_00000689,764,10.74,6,4
690,ORD_00000690,809,13.87,3,5
691,ORD_00000691,810,18.86,4,3
692,ORD_00000692,811,15.65,4,3
693,ORD_00000693,812,17.41,4,5
694,ORD_00000694,814,12.68,5,5
695,ORD_00000695,820,7.83,7,3
696,ORD_00000696,434,6.40,5,4
697,ORD_00000697,824,10.85,5,3
698,ORD_00000698,41,15.12,3,2
699,ORD_00000699,827,14.75,9,2
700,ORD_00000700,828,16.21,4,2
701,ORD_00000701,612,13.47,5,3
702,ORD_00000702,832,9.70,3,4
703,ORD_00000703,834,6.21,6,5
704,ORD_00000704,836,13.17,4,4
705,ORD_00000705,838,15.88,5,3
706,ORD_00000706,855,14.48,3,4
707,ORD_00000707,857,6.23,3,1
708,ORD_00000708,859,10.12,4,2
709,ORD_00000709,867,19.80,5,5
710,ORD_00000710,869,5.87,3,5
711,ORD_00000711,871,11.86,4,3
712,ORD_00000712,873,7.10,4,4
713,ORD_00000713,875,19.75,4,3
714,ORD_00000714,877,22.44,4,5
715,ORD_00000715,879,7.23,4,5
716,ORD_00000716,469,19.01,5,5
717,ORD_00000717,891,11.32,3,3
718,ORD_00000718,893,16.13,5,2
719,ORD_00000719,894,11.76,3,4
720,ORD_00000720,200,22.69,4,1
721,ORD_00000721,896,19.97,2,4
722,ORD_00000722,940,15.61,4,5
723,ORD_00000723,942,11.00,5,4
724,ORD_00000724,944,10.30,4,3
725,ORD_00000725,946,9.26,5,3
726,ORD_00000726,948,18.47,4,1
727,ORD_00000727,950,21.06,5,4
728,ORD_00000728,989,19.07,6,5
729,ORD_00000729,991,17.07,6,1
730,ORD_00000730,993,12.20,7,5
731,ORD_00000731,995,19.01,4,4
732,ORD_00000732,997,23.48,5,4
733,ORD_00000733,999,14.59,6,4
734,ORD_00000734,1001,12.63,4,4
735,ORD_00000735,107,7.08,4,4
736,ORD_00000736,1003,6.48,4,4
737,ORD_00000737,1004,18.03,5,4
738,ORD_00000738,1005,15.94,8,4
739,ORD_00000739,1006,10.13,5,2
740,ORD_00000740,1007,15.29,4,4
741,ORD_00000741,1008,18.75,4,3
742,ORD_00000742,1009,16.32,3,4
743,ORD_00000743,1010,12.01,1,4
744,ORD_00000744,1011,17.62,3,2
745,ORD_00000745,1013,11.37,3,2
746,ORD_00000746,1015,16.16,7,2
747,ORD_00000747,1016,11.52,6,1
748,ORD_00000748,1017,13.14,3,5
749,ORD_00000749,1018,20.37,6,5
750,ORD_00000750,1032,18.33,4,5
751,ORD_00000751,1036,9.44,2,2
752,ORD_00000752,1039,23.88,7,5
753,ORD_00000753,1056,17.13,8,2
754,ORD_00000754,1058,10.21,2,4
755,ORD_00000755,1060,16.74,6,3
756,ORD_00000756,158,17.98,2,4
757,ORD_00000757,1064,7.82,3,1
758,ORD_00000758,1067,7.37,4,3
759,ORD_00000759,1070,10.71,3,4
760,ORD_00000760,1072,16.15,3,5
761,ORD_00000761,1084,16.95,6,4
762,ORD_00000762,1086,15.40,5,1
763,ORD_00000763,1088,11.89,3,4
764,ORD_00000764,1098,22.74,6,5
765,ORD_00000765,1100,4.43,3,5
766,ORD_00000766,1102,17.05,6,4
767,ORD_00000767,1104,22.51,3,5
768,ORD_00000768,1107,26.71,6,5
769,ORD_00000769,1118,14.12,4,4
770,ORD_00000770,1120,8.15,2,3
771,ORD_00000771,1122,20.67,5,4
772,ORD_00000772,1167,16.97,3,5
773,ORD_00000773,1170,18.02,3,4
774,ORD_00000774,1172,9.01,4,3
775,ORD_00000775,6,9.53,3,2
776,ORD_00000776,18,8.63,6,5
777,ORD_00000777,27,10.71,3,5
778,ORD_00000778,32,24.45,5,3
779,ORD_00000779,35,7.44,9,2
780,ORD_00000780,41,8.68,4,5
781,ORD_00000781,43,13.34,2,2
782,ORD_00000782,46,14.21,7,3
783,ORD_00000783,62,12.72,3,4
784,ORD_00000784,65,5.31,4,1
785,ORD_00000785,69,20.57,8,2
786,ORD_00000786,70,8.79,5,1
787,ORD_00000787,71,11.51,3,4
788,ORD_00000788,72,16.52,5,1
789,ORD_00000789,84,10.05,4,5
790,ORD_00000790,85,9.48,5,4
791,ORD_00000791,86,16.47,6,4
792,ORD_00000792,87,18.40,2,4
793,ORD_00000793,88,10.70,6,5
794,ORD_00000794,89,23.75,4,5
795,ORD_00000795,93,10.67,8,5
796,ORD_00000796,116,14.10,4,4
797,ORD_00000797,117,22.54,5,4
798,ORD_00000798,118,6.50,2,4
799,ORD_00000799,119,19.49,3,1
800,ORD_00000800,120,11.79,4,4
801,ORD_00000801,121,9.49,3,4
802,ORD_00000802,122,16.05,3,5
803,ORD_00000803,123,14.85,5,3
804,ORD_00000804,129,9.86,5,5
805,ORD_00000805,131,21.66,3,4
806,ORD_00000806,133,13.76,4,2
807,ORD_00000807,138,8.85,4,5
808,ORD_00000808,152,7.18,6,3
809,ORD_00000809,153,11.64,4,4
810,ORD_00000810,154,13.68,6,4
811,ORD_00000811,155,16.29,3,4
812,ORD_00000812,156,5.10,3,5
813,ORD_00000813,157,13.39,2,5
814,ORD_00000814,158,16.32,3,4
815,ORD_00000815,159,19.51,6,5
816,ORD_00000816,160,21.46,5,2
817,ORD_00000817,161,13.28,4,4
818,ORD_00000818,177,11.62,1,4
819,ORD_00000819,178,26.15,7,4
820,ORD_00000820,179,9.59,8,4
821,ORD_00000821,180,15.83,3,4
822,ORD_00000822,182,8.66,7,5
823,ORD_00000823,200,10.60,5,5
824,ORD_00000824,202,13.20,5,4
825,ORD_00000825,204,12.62,4,5
826,ORD_00000826,206,13.81,3,3
827,ORD_00000827,208,12.84,4,5
828,ORD_00000828,210,7.33,6,2
829,ORD_00000829,216,11.41,1,5
830,ORD_00000830,218,12.03,5,4
831,ORD_00000831,220,14.42,5,5
832,ORD_00000832,222,17.64,3,5
833,ORD_00000833,223,13.88,5,1
834,ORD_00000834,224,14.33,3,3
835,ORD_00000835,225,21.06,9,3
836,ORD_00000836,226,21.26,4,4
837,ORD_00000837,227,15.10,5,2
838,ORD_00000838,228,15.50,7,5
839,ORD_00000839,276,9.62,6,4
840,ORD_00000840,281,9.22,5,1
841,ORD_00000841,282,17.15,3,2
842,ORD_00000842,283,7.15,6,4
843,ORD_00000843,284,4.97,7,4
844,ORD_00000844,285,11.78,6,3
845,ORD_00000845,286,16.90,3,5
846,ORD_00000846,287,19.44,4,1
847,ORD_00000847,288,25.03,4,5
848,ORD_00000848,289,17.88,5,3
849,ORD_00000849,290,13.29,3,4
850,ORD_00000850,291,13.56,4,5
851,ORD_00000851,292,8.36,5,2
852,ORD_00000852,293,16.27,5,4
853,ORD_00000853,295,20.24,6,3
854,ORD_00000854,296,13.47,5,2
855,ORD_00000855,297,24.78,5,5
856,ORD_00000856,299,12.53,8,1
857,ORD_00000857,302,14.49,2,3
858,ORD_00000858,304,15.46,4,4
859,ORD_00000859,306,10.43,5,1
860,ORD_00000860,308,13.90,3,2
861,ORD_00000861,319,11.09,6,4
862,ORD_00000862,327,19.84,6,4
863,ORD_00000863,328,16.02,3,4
864,ORD_00000864,329,13.95,4,3
865,ORD_00000865,330,8.63,3,4
866,ORD_00000866,331,7.17,2,3
867,ORD_00000867,332,11.22,4,1
868,ORD_00000868,333,21.07,4,1
869,ORD_00000869,334,20.50,4,3
870,ORD_00000870,349,8.47,5,1
871,ORD_00000871,350,13.32,5,4
872,ORD_00000872,377,12.00,6,4
873,ORD_00000873,378,8.53,2,4
874,ORD_00000874,379,14.09,5,3
875,ORD_00000875,381,6.94,2,3
876,ORD_00000876,383,24.43,5,4
877,ORD_00000877,384,23.80,5,4
878,ORD_00000878,385,15.01,3,3
879,ORD_00000879,386,9.57,5,4
880,ORD_00000880,387,9.28,5,4
881,ORD_00000881,388,15.67,6,4
882,ORD_00000882,389,15.91,5,2
883,ORD_00000883,390,8.62,8,5
884,ORD_00000884,393,12.86,6,5
885,ORD_00000885,394,16.71,3,3
886,ORD_00000886,395,16.29,6,3
887,ORD_00000887,401,23.11,3,3
888,ORD_00000888,403,16.60,3,5
889,ORD_00000889,405,6.45,3,5
890,ORD_00000890,407,15.04,4,5
891,ORD_00000891,408,11.26,5,1
892,ORD_00000892,410,24.21,5,4
893,ORD_00000893,412,10.02,5,1
894,ORD_00000894,414,18.53,3,5
895,ORD_00000895,415,12.06,7,4
896,ORD_00000896,416,15.05,2,4
897,ORD_00000897,417,17.50,3,4
898,ORD_00000898,418,15.63,6,5
899,ORD_00000899,419,14.42,2,2
900,ORD_00000900,421,24.18,5,4
901,ORD_00000901,423,7.29,6,4
902,ORD_00000902,425,12.70,4,3
903,ORD_00000903,426,13.96,5,4
904,ORD_00000904,437,7.79,2,2
905,ORD_00000905,438,12.90,3,5
906,ORD_00000906,470,16.41,7,3
907,ORD_00000907,474,10.46,6,2
908,ORD_00000908,476,9.34,8,4
909,ORD_00000909,478,28.39,4,4
910,ORD_00000910,479,13.78,7,3
911,ORD_00000911,480,10.71,7,3
912,ORD_00000912,481,16.41,3,4
913,ORD_00000913,482,7.81,7,5
914,ORD_00000914,483,16.95,6,2
915,ORD_00000915,484,14.15,5,4
916,ORD_00000916,485,11.85,5,3
917,ORD_00000917,489,13.33,3,1
918,ORD_00000918,490,19.00,4,5
919,ORD_00000919,491,16.89,4,1
920,ORD_00000920,492,15.72,6,4
921,ORD_00000921,493,23.24,2,4
922,ORD_00000922,494,10.36,6,2
923,ORD_00000923,495,7.00,9,4
924,ORD_00000924,496,21.70,6,5
925,ORD_00000925,497,12.58,3,5
926,ORD_00000926,498,14.94,5,4
927,ORD_00000927,499,10.28,4,3
928,ORD_00000928,533,9.14,5,5
929,ORD_00000929,534,24.43,5,5
930,ORD_00000930,535,18.49,4,4
931,ORD_00000931,536,16.93,7,5
932,ORD_00000932,537,23.37,4,3
933,ORD_00000933,538,20.95,5,5
934,ORD_00000934,539,24.52,2,4
935,ORD_00000935,540,22.40,3,4
936,ORD_00000936,541,22.99,5,4
937,ORD_00000937,542,11.37,6,3
938,ORD_00000938,543,14.68,5,4
939,ORD_00000939,544,22.20,6,2
940,ORD_00000940,545,16.86,5,5
941,ORD_00000941,546,13.91,3,5
942,ORD_00000942,547,12.76,6,5
943,ORD_00000943,548,17.83,6,5
944,ORD_00000944,549,22.90,5,4
945,ORD_00000945,550,7.94,7,4
946,ORD_00000946,551,5.89,3,5
947,ORD_00000947,552,7.93,6,4
948,ORD_00000948,555,8.73,6,1
949,ORD_00000949,557,10.29,6,1
950,ORD_00000950,561,17.80,3,4
951,ORD_00000951,382,8.85,2,4
952,ORD_00000952,576,8.76,3,2
953,ORD_00000953,578,9.51,3,5
954,ORD_00000954,580,10.22,7,3
955,ORD_00000955,582,13.73,5,2
956,ORD_00000956,585,6.86,4,4
957,ORD_00000957,587,16.39,4,3
958,ORD_00000958,28,26.51,7,5
959,ORD_00000959,591,5.34,7,2
960,ORD_00000960,594,24.93,4,4
961,ORD_00000961,596,24.46,5,4
962,ORD_00000962,597,12.66,4,4
963,ORD_00000963,599,19.21,2,5
964,ORD_00000964,600,5.46,4,3
965,ORD_00000965,603,17.10,5,5
966,ORD_00000966,606,14.35,4,3
967,ORD_00000967,608,12.64,6,5
968,ORD_00000968,616,16.39,4,5
969,ORD_00000969,617,14.41,6,3
970,ORD_00000970,618,10.43,4,3
971,ORD_00000971,619,7.15,2,3
972,ORD_00000972,620,19.28,6,2
973,ORD_00000973,621,18.01,1,5
974,ORD_00000974,622,22.15,4,5
975,ORD_00000975,623,14.04,6,2
976,ORD_00000976,624,8.00,4,5
977,ORD_00000977,625,16.34,2,5
978,ORD_00000978,626,12.57,3,4
979,ORD_00000979,627,12.66,3,4
980,ORD_00000980,628,13.57,3,4
981,ORD_00000981,629,16.03,5,5
982,ORD_00000982,630,13.06,2,4
983,ORD_00000983,634,6.83,3,2
984,ORD_00000984,636,16.74,4,4
985,ORD_00000985,639,11.76,4,3
986,ORD_00000986,641,28.31,6,4
987,ORD_00000987,653,16.78,5,4
988,ORD_00000988,655,13.40,2,3
989,ORD_00000989,657,14.16,5,5
990,ORD_00000990,660,11.21,6,4
991,ORD_00000991,661,23.03,3,2
992,ORD_00000992,663,19.62,5,4
993,ORD_00000993,665,12.14,3,4
994,ORD_00000994,675,17.91,5,3
995,ORD_00000995,676,19.11,3,3
996,ORD_00000996,677,8.22,4,5
997,ORD_00000997,678,11.12,5,3
998,ORD_00000998,679,14.18,3,4
999,ORD_00000999,680,10.97,5,5
1000,ORD_00001000,681,7.69,5,4
